source_address,amount,label
1MRsVb8Z31AtZaerZCLmJazUibRYNiEDjx,0.00757652,darknet
1Kh8SpDx7QjMBnULYSnETeZDrjD5sd4pFK,0.004684799999999999,darknet
1FoxBitjXcBeZUS4eDzPZ7b124q3N7QJK7,0.02467895,gambling
1HGPxhHMJWcg83Zma4R2gqFNCRwUBFjta7,0.00133105,services_others
188hBGXA6YfXP8XWxoMHHz9WYwtJ9rt396,0.00090506,services_others
17hfbHgeazVgMLnMytT7HNVUn1NnBUGxmV,0.00131757,services_others
12RshjDchXQKdmy26dSZq6aPpTQMTuTTm8,0.00025108,services_others
1DcPPMkMy421136B63ytaV7yqVmE8xBJd1,0.00015191,services_others
1NGgH7nx1bYqRtJrnZ6VE9NMY32iWeT1VW,0.00130406,services_others
1H3YZKiV5G8aL61pogyKZRNTh5ZV6DB33L,0.00131352,services_others
13kK1PJrENeF7dseDL7bA7P1G9Wy5afjRN,1.92e-06,services_others
12NPGZ9JWzib6udZFroRepfCSDdSoofiVH,0.00131368,services_others
1DKoHP53aFxRv41zSZkuHwcoidyL3csApR,0.00131368,services_others
13QJ9JvacqUs1cCyQkCRNXNEMZWhA2cvpR,0.01086841,darknet
1NwKFjzUtJYTCrkhxageXAJd5vttFLNCFN,0.01067826,darknet
16V6kCr7hVEopXtLt4ecV8FLw7hxE6j8m,0.00548782,pool
1HtDCdqTTA3GGU5HTZiMDFm9U7eVPWxthP,0.01053214,darknet
13UuR32bsTVK7V62rLcW4civdXc71acz48,0.00026676,darknet
1C9SbxwomSKggSqe5ffLbb6MXnwpZbpC3i,0.00031285,darknet
1Ct84ckBxouzwdPVCkLG9EHZV1iKoW2v3L,0.00047442,darknet
13vxPGCzWCALHkefE8bMqvKZVy9GnLniHS,0.0154737,darknet
134PdatHS4bsg22AM9YvRWEJJY3rPJ1r7P,0.00520906,services_others
17gtqycN2JPV6EhAKi292nDLgMJexRNHLp,0.00062904,darknet
1NwHi5VwPtaWW8Gj6hpuPDHBPKpupwgVXV,0.00768327,gambling
1FKopztm7A2Yyp1Y6FQ6qRYt1Pw9iU8Pku,8.68e-06,darknet
1CPYNgHN5o4zDhM8aZnYTPqDzE7zL36MZ2,0.01353004,darknet
1LThLJNA7Zs6JtryysPUyeK1XfbiKvP4a4,0.00803152,pool
199YJi4pDRi1ft4GHqbSWjNeKWdZNCpdGR,2.04e-06,pool
12xA4t6kvhKB1GB7bf9UvtZRN67EbuRViK,0.01492667,darknet
1FMURwTX9Foq62Z6ja8fd8WXhX73jaoLAm,0.01354254,darknet
14bVUpppoeL5rjHPKqjoUa6cn8y7XFXcRF,0.02565122,darknet
16oYMZ6kEFYAAZyAPFnSP6oatcBxKALLP1,0.02565122,gambling
158sniwaFv8qnfK1s2NXf82CP81NKSPA5J,0.40076904,pool
1MRsVb8Z31AtZaerZCLmJazUibRYNiEDjx,0.00757652,darknet
1Kh8SpDx7QjMBnULYSnETeZDrjD5sd4pFK,0.004684799999999999,darknet
1FoxBitjXcBeZUS4eDzPZ7b124q3N7QJK7,0.02467895,gambling
1HGPxhHMJWcg83Zma4R2gqFNCRwUBFjta7,0.00133105,services_others
188hBGXA6YfXP8XWxoMHHz9WYwtJ9rt396,0.00090506,services_others
17hfbHgeazVgMLnMytT7HNVUn1NnBUGxmV,0.00131757,services_others
12RshjDchXQKdmy26dSZq6aPpTQMTuTTm8,0.00025108,services_others
1DcPPMkMy421136B63ytaV7yqVmE8xBJd1,0.00015191,services_others
1NGgH7nx1bYqRtJrnZ6VE9NMY32iWeT1VW,0.00130406,services_others
1H3YZKiV5G8aL61pogyKZRNTh5ZV6DB33L,0.00131352,services_others
13kK1PJrENeF7dseDL7bA7P1G9Wy5afjRN,1.92e-06,services_others
12NPGZ9JWzib6udZFroRepfCSDdSoofiVH,0.00131368,services_others
1DKoHP53aFxRv41zSZkuHwcoidyL3csApR,0.00131368,services_others
13QJ9JvacqUs1cCyQkCRNXNEMZWhA2cvpR,0.01086841,darknet
1NwKFjzUtJYTCrkhxageXAJd5vttFLNCFN,0.01067826,darknet
16V6kCr7hVEopXtLt4ecV8FLw7hxE6j8m,0.00548782,pool
1HtDCdqTTA3GGU5HTZiMDFm9U7eVPWxthP,0.01053214,darknet
13UuR32bsTVK7V62rLcW4civdXc71acz48,0.00026676,darknet
1C9SbxwomSKggSqe5ffLbb6MXnwpZbpC3i,0.00031285,darknet
1Ct84ckBxouzwdPVCkLG9EHZV1iKoW2v3L,0.00047442,darknet
13vxPGCzWCALHkefE8bMqvKZVy9GnLniHS,0.0154737,darknet
134PdatHS4bsg22AM9YvRWEJJY3rPJ1r7P,0.00520906,services_others
17gtqycN2JPV6EhAKi292nDLgMJexRNHLp,0.00062904,darknet
1NwHi5VwPtaWW8Gj6hpuPDHBPKpupwgVXV,0.00768327,gambling
1FKopztm7A2Yyp1Y6FQ6qRYt1Pw9iU8Pku,8.68e-06,darknet
1CPYNgHN5o4zDhM8aZnYTPqDzE7zL36MZ2,0.01353004,darknet
1LThLJNA7Zs6JtryysPUyeK1XfbiKvP4a4,0.00803152,pool
199YJi4pDRi1ft4GHqbSWjNeKWdZNCpdGR,2.04e-06,pool
12xA4t6kvhKB1GB7bf9UvtZRN67EbuRViK,0.01492667,darknet
1FMURwTX9Foq62Z6ja8fd8WXhX73jaoLAm,0.01354254,darknet
14bVUpppoeL5rjHPKqjoUa6cn8y7XFXcRF,0.02565122,darknet
16oYMZ6kEFYAAZyAPFnSP6oatcBxKALLP1,0.02565122,gambling
158sniwaFv8qnfK1s2NXf82CP81NKSPA5J,0.40076904,pool
