entity,address
BTCCPool,152f1muMCNa7goXYhYAQC61hxEgGacmncB
BTCCPool,176QrADrSemNads37k5K1jbk5Sk1pRm9GC
BTCCPool,1EGXWhuciWJcSfWwyU65w2GUz4VJuu4vha
BTCCPool,13trEkNQ5pFJKixmxcHSMUWANZPLzGnpdZ
BTCCPool,1wRvtCxVZUmvgW3iB5fnt5BGyGvn1HWSe
BTCCPool,1EJbRtWVfGbFyQspabCfcwHZ4EF7xNTAuQ
BTCCPool,1E21BQ8FMRt38P2SpYr86gc3pJEbguViyx
BTCCPool,14GTyjKnei93Gfx78MycP5PbqHEbn6rnR3
BTCCPool,14oBs7wGacsNCD9PnfjoKMT7GSkTKgjEVT
BTCCPool,16Uv3suL5JfQQcWczL3kgm3UHpdRczGP21
BTCCPool,1DkoRvg2HPxY186PttFc8nmUD9Gc38UQ9S
BTCCPool,1G6YPbTaSAbqJThYLoLBuevweWdcXqQzmp
BTCCPool,12LndX8AVujcZ5GnJG4FQarF4wgPhpv3LE
BTCCPool,1NxWFyEGdwG7cRLVieELKAgaM8cgRMm6Dc
BTCCPool,17PDijbD1RxsG4kYFrgzxXdJGXkT3gWxAD
BTCCPool,1LxMG5LW3pLuJKDU3Jbp3dhra4BTfZBsqq
BTCCPool,1CDK1bUV98T8Kqix4CEr5iyPYVSjv6tawG
BTCCPool,18xngEZGcEbxvyq5bBhstFFBgcBGzyGK9P
BTCCPool,1A3kbGifXFfATsPQY4fd4wE1VqdE2cHpas
BTCCPool,1JSawZTMfTeRsv1ctiMRJmND5yqk5oBngU
BTCCPool,1C41DVZY4r1nyyXK6cdEpPxKi5ouuiry4n
BTCCPool,1NbwAgndEdP2Zudcbpv9UYMygWyCoA5ZtG
BTCCPool,1Cw4VjKiP1gswiGZP2hbyUJqaxx5z6Hdc7
BTCCPool,1Ki1wGYz5GxmMZhmr2SWVvNsSGnX33LPoV
BTCCPool,14fRrTxmzhfh9wFKCmAbfkHWf9LWoGAkpv
BTCCPool,1BkHy5yDDBKBwAYNYpSrPFvpdpgfHD1DEF
BTCCPool,1BU8tTVeZJ3Jd6gnkiuJVaT5whbnbrHCNB
BTCCPool,1E4aU3igkUfjLraRFj9eJxgYXorsgEhCjY
BTCCPool,1D8ZwqyXpC44Xp7Fiu5Ls3s6bzpPcMSuDe
BTCCPool,1Gevt3UuVGsmNT8Sp9c6Mftc9tkjNbkYrg
BTCCPool,15CmF3MrTrK2gPaRULUQiaEmWszuhF8HaE
BTCCPool,16mtS9WbxJMws5dt4gzc7Cy33AWuB4YU6k
BTCCPool,12dPxUQ6J6ZW4tp6osYNTdbBAvNDFP2Hn9
BTCCPool,1ELoRMQPXgxggCzfF3UfoQPfZiLuqEkR4n
BTCCPool,13M1wDJ4taP9iKT9hMVd5JJp2Ny6WxgMei
BTCCPool,19Bja9HcEYgXg3Zufe4F4qCwiXsNGrexYW
BTCCPool,1C5XFaYU89m3YyJTb2mkVkaEnGM3q5snhk
BTCCPool,1Hu7fydJqV8ATMMwCTqF6TRS4ETqwa14Nn
BTCCPool,19nc4zAcr1vUKgoXRs2MDrpSVTS9nsiJfs
BTCCPool,1FbR9iLyjdujAPAcMuaqvrYTj2Vf77o8rk
BTCCPool,1EEes9pyZSMZhgsDRuzhmirfY9Z84EooJ9
BTCCPool,1NVbwF6U7XcYTrgpU7y5FySCrhwcNU7dyA
BTCCPool,14pFvbGmCSb2aCaZkkojKSZ63ipswvaKC1
BTCCPool,19PFezia6tjDibC69r7o8pLM6bGi8rTxxb
BTCCPool,1NUuJyV7rmrjQgRLiXbLWUxb81CRmhzroo
BTCCPool,12gpnZAVeEXFKydj5yKM1FLt6VbppSgXj3
BTCCPool,164xuyaLTGx19dWeULLDbjSZcmNUXCRNvm
BTCCPool,1Pfp9Z7whkLt4e3CnXYDW258VMGsK6J4Mm
BTCCPool,13AE15LNma4SZxtG8Nr8ursXNBPVmc8MHc
BTCCPool,152R5MQj793QgsntpsjM8xiJJH5rJheEBk
BTCCPool,1CcqJrVbM2ERpt6ZyAKzAzsF4mz2h58EZP
BTCCPool,1G4JaczsgYSwsR36SZs1uuBhDuppReW5jC
BTCCPool,17str7frL9yRhLZnU5b4z7xfSymttiJyrB
BTCCPool,15BGJop4MbWUctgp4mGF39HCFKQe45SyPE
BTCCPool,1MgYxa64qCxrBzMH7XCA8FH4CGsVuS5Qs1
BTCCPool,17dfyDw8DcPckmj3H3jDTMiepS4cnM6d1B
BTCCPool,15VyTjynHtVAusEBG2SH1GR443JPruwVGj
BTCCPool,1DQjEPX2tfouwfeKPn5B7RjR8WXigW5vrN
BTCCPool,1D65TRWEBQHrMggp7MrZLpZjkS8qGY9wuQ
BTCCPool,1D8FrefBfJp8Yf3y8V4dEnPs49HuC6nQb2
BTCCPool,1LmUcNhpNxvbyr2tXygr4GgjrykYbU16nM
BTCCPool,17u5tV5HxqMfqJTfRWteSpkZg3dFzqqY1p
BTCCPool,19Arif5yadbXhQxQy7vJ4EKsHfzZJ8Mgf9
BTCCPool,1AMpfvmuoyhwkJvfQWQNxwn6j7JV9ejVmT
BTCCPool,1PnKqzAWSwgq6BeasRvXLj2EdkK6CkebB9
BTCCPool,15vRVZqTw9zbD5W3iCe48ksD9s9tbBqxLh
BTCCPool,1NiKj38h8CdXVBAyMyvaMKR1q3pdMvMhGR
BTCCPool,17aGYbBfQh8DDqzEnogVkCeyv3QVkVBJNw
BTCCPool,1dxdJKY1kSFbX6XSwqxTqBBrwQpC69i4F
BTCCPool,12yk8v3YHt79Upkh5fTCMwdinaRSKVNJhw
BTCCPool,1NNc2RnMcDkcULWAHz3nKfTexuHkhfdvYz
BTCCPool,1Ag6KtdxE814FrCYnPpEEDKb1NoGJqFkYT
BTCCPool,16sYSFJK1LANo3okjwC6YLq3bqtdYFpkGM
BTCCPool,13B8zR4TH89ZT1Kpb1VX9sQZFYFqfxVw3K
BTCCPool,1F5vgtmx5TL22dYbUADKBAG9YsMH6yv97S
BTCCPool,1MMxJyWpi7rhZujf3osegJTetwJYEy1oxz
BTCCPool,1J5kKCkURyc4mzz26mTrDzzwUhs8jbUJqh
BTCCPool,1Ha7UhNBGx3fB1NCzKCDwSdGVaq1FaGRng
BTCCPool,1PAEapuGBhxWhrep7tLXBqAF5sQ5ir9mhY
BTCCPool,12h2gzmKmL8ek1cah6GDUt4bGy4StwDECj
BTCCPool,1GCHGCh4mfy8srFkDP3FH3MuGZkJ7LTmZf
BTCCPool,17NVwFZ4sw3bkXfsWdpMxMght2YPWanZB6
BTCCPool,1MagRBewPaFGQ6uhBUvFBoEVa6351XWYpy
BTCCPool,14499ymzPscYMa5o7oiGxw6HdqkB6ZWbPJ
BTCCPool,1quUqEfXiiw3hQ5N49kvwCAbhLcZJTqZV
BTCCPool,1Mc1YoSDTNeUAdjnsaXVZ6ATrfEgkJULCj
BTCCPool,1ArREbFmm5dAqUXWwUBAm8YKBDTwF9Jnm8
BTCCPool,1DDaqKZB7g7yXmF2GV37PxD9jbFCJgRULw
BTCCPool,1EYYzWrX82QumCLNpbFMS5Ma7inFJdyuX3
BTCCPool,16i6mitbEN1Tgi1Z4w37aDVwox7UwUS986
BTCCPool,1C53zRv8xE8TENMWbnbGwnk91rxq6yWFEH
BTCCPool,1MvU8EGgf9Hto327iHg6c3t4QzZXZfQ9eP
BTCCPool,1GYchJQy7ScAgbqzth6baFVMC299tNXPLz
BTCCPool,1Fw6kBCv3ZxfUAEryQu8jJJ25HyZ5vut5p
BTCCPool,1HJMX52EjD4LLKLhxaPTXkcKfREdC6DUG4
BTCCPool,1B1tsFTP5CACekd3cWtJiLaLpY9y4o9jq3
BTCCPool,1AvJbFTUMipcdp6DY4uJQTdpwzWdmSyRB8
BTCCPool,12XadgeskLr8MJ52fsdC1iri1iuiGsa7vc
BTCCPool,12VRd2nf7pHTapzb6oose9TSXhMJGnvsxT
BTCCPool,153JfytmTrGmaCV77xDTB4YYpgQS9nHkkW
BTCCPool,1KuMzhUGowJY4K1Je9JSL6BoRnuf3h8XB2
BTCCPool,1CQrW7Yd9HgNBvMNBoQMs24idcvZ5PMAfR
BTCCPool,12iFhoB3KcQAnk8zm6zsfVQG6MasMzVJ6Y
BTCCPool,1M9PFfMfQCEeVRHFNKLbvTh4oNtro5Smw9
BTCCPool,1NuLJSHLs7x934MJ4kJbUCw9T4hRv9SYW8
BTCCPool,1M7D3fVGWqSaVi1KuvDdjHcJRQUCv2KC4P
BTCCPool,1HVY8dB7dXr6cGqMgb1tNXsZQqgZj4eiZc
BTCCPool,17oHic3bQGKtUkAfmJ5NGSnduJUbbYevnC
BTCCPool,15pL9qrhd2RtTEAGmhjBsuWG37KndLbgx4
BTCCPool,19QucgS78FARnQ9ScJg9p7J1pRFndKPWm6
BTCCPool,1Gchd5jm4ixyJ6anwATK8oM98xk4q9irrE
BTCCPool,1DMnXNJ2TiGTo9Nf1mS778YY2VowdTRs65
BTCCPool,1AUYqYQDXBNhw5qS4HavEoHHGstaPJcUQ2
BTCCPool,12Z8vQ4iWuyptbUPNrU5EyvTc2trPAq59R
BTCCPool,1F3jF5RhV39Jc3rJtdDHPWmAaaYJs2X1sF
BTCCPool,1KnqiKZ8FfeXY3eYQovfB7kXZ4xG8CzYA9
BTCCPool,1Fy8qwPqJdmwo7nN89Q93CuV4kmkAxYWBt
BTCCPool,1PPgKYmoG6Ta55AUjo2eYYEcgvrMT5HaNq
BTCCPool,18qiKUa69U98JMJ98U5ndo4iieKDpPHeBk
BTCCPool,1EWgaFgquVbTCGgZiSHycWgmDFhfZDDt46
BTCCPool,19G2HmqTCNT9QYFzCFueJn5pStEHjdjvcU
BTCCPool,1N7WECjfNGmDFoCPvz9hMHAMkD9hUhYKS7
BTCCPool,1CAccaMSAWRfDsmtMP5NuxT4XHueYPS5z1
BTCCPool,1EtcEmBCLqgPh3VJ2gYo4LE3mbDmUTH4e3
BTCCPool,1NFdBjDEvuK94vi9qpQiekyrm5WKSYYMti
BTCCPool,1JiR1aTy5zyKrMc3No336iQ6VFcVyWDNBw
BTCCPool,1LAUSzATVma5zWi8GwDuczJSVP2x4KTVGt
BTCCPool,1NYhnEy4Tts1T77PByZ3n9mqhnmxHe5vLj
BTCCPool,1Ngt1pVY6Bat4XiUNEddGMZ8191JM7QUv5
BTCCPool,1PDBUnC5Z9ihmqZt5x8oXgbkZGHCTCv8my
BTCCPool,1p8yrpoC3h3pcsH7dtHkcNnb4SV7CFSRu
BTCCPool,16brxZPaupyGhBm29pMh6ru5yZsWHFwowW
BTCCPool,1AjwXKg5SG3W5XxtAWdPYsvArGqBm1DHyA
BTCCPool,12mAB3tgZsn4cr1sdd7VgtUcMNnEFsPBSz
BTCCPool,1imb7euDyY8CohbVwGqVg7dVt3bxnVKYt
BTCCPool,1MimCDZ9RoUyQm6YVLGqMtfiX1BHYYbo8K
BTCCPool,1Bca4YLsoqhTUFRG2Nxa4Rx4Y1nrCFEAZR
BTCCPool,1LDyugJuJXeWA2R1UWp8s6TiqHAHqeDkkC
BTCCPool,1zV3RbCQ2Vr3BzChktA8Kkgy4YvteGRsR
BTCCPool,19rHuz6A45K5Hpk6Luf11BgEfiduUaPsE7
BTCCPool,1EwJCJdSCQLbGdZMwtTKkr8tvd93csnSVc
BTCCPool,1Fn9FYbuejuDTFoC2GTHvRARr1RSaYUrDy
BTCCPool,1CXTJwQYS36x8aysPrbnkEZTNKLNzzfDj1
BTCCPool,18a53xQhYFoBu1jxVAFbqp1SgzPqPM8aEd
BTCCPool,1MQMbLdisCNnMWmMHnvvkULe85USg1J8WP
BTCCPool,1HxpcWdvX5hCvViYxSauFsBE8GirDQnfji
BTCCPool,1HSQawVZz8yBZTVMaGtyNU5rruDYMFqBfQ
BTCCPool,1CikKXU5strDgXhSwmAABjrc39QQF3YrZr
BTCCPool,16RJ41BVzNt2W9WxpCXAivUGhDK2xvEXkG
BTCCPool,197tQA2VSjQMbGFYAzNwrrpABNrK9Qs7RW
BTCCPool,15hsBHxyPDF7E9PPLh5BYYCXfTUvXMAkmk
BTCCPool,1HMMvG1dWbqdvZbvsgVfNvBNWUsoKeX7gP
BTCCPool,1Hdd1fhVhgWsT5LQtZ1pzncKWKGrtUWbMv
BTCCPool,18uS8uGFw8Pfn7vTKqC26b4TZM3pfAdueH
BTCCPool,1CoYFRRChXAJhgYFmUh6SRVFwpNQTVq9Np
BTCCPool,19p8fxvnJzLS48sAYAUDDjYfxh6DuSMQJA
BTCCPool,12hDVm3mPGp3MsBVQUwnniwjx3myH9kHn9
BTCCPool,1ZELcCdsZvmg5SzcGVmE7i3P2M4aDdRzz
BTCCPool,1BUhu3e3jDApTFuJetNyFRmbnTDfVWFWNw
BTCCPool,1Nt5BaBKAHcMGQZSmkrRcbWWUjkzG3dPcT
BTCCPool,1srEh1mThsxZpwPU2FencLo3Vb2E1TKKf
BTCCPool,17bgWCtAzEU5YCpHDcpa2Kxau8Ftr7AcNf
BTCCPool,1FScPz96EHYf6QuHsp9mM3HnijDDMkkpdj
BTCCPool,1EpYTJ3Nnn8KLoCisVpZijwGut1Qcr3QWV
BTCCPool,1MrFtW9msUkvW74xkWGgAUA8JRp1UyQTZk
BTCCPool,1PVBTPxf1SLtszWTtfEgnBTdL3ubePxiNK
BTCCPool,1BUBoTnXHrmWfWzaGWPrmXnNAuS87yeq5
BTCCPool,1BcgtNgrFKpxYwaaMbi5YVCiCngRXuCA6v
BTCCPool,1LxsUVX46i5PFD7XeF1X4zZwnHFHYr4zKY
BTCCPool,1E12pjf7Nza8eNuf1QbAbSPnLVuQwgEf59
BTCCPool,1Mm4VAgTaK9ZREPKSy7qx2B589YqR5pFVj
BTCCPool,15S9fNmk5MYhoxngVU6uNzmnU4Df5ohL8P
BTCCPool,1F65DRY59mEKZCzLqiTuxxJAPzcjtiCZN7
BTCCPool,19boX8n3Evwwqk1PKEPGDq21kxKmFYwt4G
BTCCPool,17tcVM9QjDpwbjK1sPDjnZW1bBkA1Snnc1
BTCCPool,12rmDK5J2RMHDXWhzeqPRrJMHpv8chMneh
BTCCPool,1GYZ6BS7AupoukvYmADnEXxG4nGYLNCGA8
BTCCPool,1B5ZDU9NR2mesaowwQHprZVeHD2GYXmctf
BTCCPool,16GBz1DaqfiGjGcGqLRN2Jq4USTi9eyKhg
BTCCPool,1HDqUMXKtVBPp9wGaX1Z8wATYbtoYnDV4t
BTCCPool,1AbrQZTqSA5ont8kTFmRHBPsZ5UMPBsAvm
BTCCPool,1L7GCSd4Q3TEHiUwfoVckUPYZH4MLi6YEP
BTCCPool,13TWyxYbBqbG8a5Ub5QiiAkogh1J9LkZuQ
BTCCPool,188mKVubd6aWor5XqshqrVzB3Pnvz3ku1R
BTCCPool,14tPXfEUMn77iK7jdcgAnf3or38tuUMwSH
BTCCPool,1B3GP2bvRrmL6K42xtfJ4Yu83vEN3PzcbV
BTCCPool,18wJkZdGQQbHmGDzMaGgXP31Vdy1QuCN4C
BTCCPool,15ovwGckHVrMvpqYfmVqfLEgxds3j4zctV
BTCCPool,19xfntm8xd3q5Pr6a276DbzR7hVTPZX15s
BTCCPool,1CGpU5yQ6a1Pn7NZWb5YJST631iShcGowJ
BTCCPool,1PvLVAVbaFWThRZCNkaJD72uTX9xzPb4PS
BTCCPool,1N174NUGhD9GhLAajyqz99ejcNqbzHuZer
BTCCPool,1P4SjkwtTqKY9tDE3RZmWK9Wx7PbbLMrfV
BTCCPool,1LJhnZsi1PdQFAH9vbCnK8KUixkaS6No4i
BTCCPool,1GsyRyo7mzHKd9PVZ8HescEK8Mq5qLjcnL
BTCCPool,14aEJLtr6qjndARMumHBVbruLShtQns4Cp
BTCCPool,1BYLgXBxM8WvsFPweQ6Dz8Cz5ryLFrCPYz
BTCCPool,18hQeiK27jRUs4Po2Sd2NnYupNix7BCt59
BTCCPool,1NnWdczpGmutkfBv63LVekJ3UK72h8dwTM
BTCCPool,1F2imyTrR5EE9sRFuw3WUB6mgVq1mkfHsn
SlushPool.com,1CK6KHY6MHgYvmRQ4PAafKYDrg1ejbH1cE
SlushPool.com,bc1qg98scxgaa4fg8vpfu0frztlyg2m6fs9e2zjjpv
SlushPool.com,12Wvqf3pTa3HcZWHhyizo7Nkc1HzVdEWnJ
SlushPool.com,bc1qzfchyy6nj3x5ycnv92xaes4rs4zjp7mq4w9ha8
SlushPool.com,1LGVsJJHQHBv7pegiviKLs1tQeyRfefjzm
SlushPool.com,1JgzKy8e4nxo526G2EZ3bqe5yFriNGmw5C
SlushPool.com,114UgU4nV2MGJY5J8S7PhFHfNyXF6XnZEE
SlushPool.com,1Bi2dQuXgYzdS3f4u6VnDvh6MYZxjqtbeG
SlushPool.com,1K42iqHXj5kKMvxee547qBd4MWHFYoAUKa
SlushPool.com,1KeRcJwHY9Twc1gK1FCLYMnP68MMYXF4e9
SlushPool.com,1Mfac8X4TfJTTPHYeHGUTuRva5QZSbXLMZ
SlushPool.com,3JNAE9UsSbiCr3rvwhxaKJHzP9KirUB6SL
SlushPool.com,bc1qegaf5uvgh2h37ec6wgcwx670mx6hq348faxul0
SlushPool.com,34EwJGD2YzytbDNpH6P6C9tnMMYjRN5LBT
SlushPool.com,3EhFkR8SGFU7rMRzyedmBUNBUZM8M4tXnR
SlushPool.com,3F7vubWkYzMypXWXYfNikoHLX2en7HrM41
SlushPool.com,3KyPRK7PKtRYCFUYbmSy4o2fQVDV1Kcp8m
SlushPool.com,bc1qwndtu3gk8rpu98afuv20jf4fl3uejf983yj79a
SlushPool.com,34qNPcxN4sSRQpGRnwCw21CqjTKLjbVVM8
SlushPool.com,38pQnCa6NqRf2CpsFegUToBe2pvxaPt52f
SlushPool.com,3Fbc5AThLChEoebVTdR3YH4K1nZDRbJAkr
SlushPool.com,3P2YeN4QsCQxqwj3hpCcQg8oVao8dXc6bS
SlushPool.com,bc1q3sxdzfyjfyq3t0f7thtqmev9dytxqsnsn89pvf
SlushPool.com,bc1q5el83wt2j0238z2r9umgddphz370a3le8ca76c
SlushPool.com,bc1qntff64hsekksh054pzde7lw57vvaj2uaqkexsk
SlushPool.com,bc1qru0y9am7kslqagpq796mtwzweuauuj55995ney
SlushPool.com,bc1qw837gsv68qwwyme9uuz73wpa2ppvjcevl5au52
SlushPool.com,35bzVnLPus7BEM7bs72eXqNhf9ijK8ANVT
SlushPool.com,bc1q55zpmdnwxlvqzapqj7vcz6v53jv8w0625tdh3v
SlushPool.com,bc1qed2eh6jzyh8vkskvh592uvznnvd2avn0vn64ud
SlushPool.com,bc1qz5p4j56mwpfpn40z5lf0hy7kekautzaqrvuw9s
SlushPool.com,32taUvXrcDv1X4pbvzowQMbnNTaFBKcBG7
SlushPool.com,33vmjW3CFypzJxL86aXmVexhoaNZSqs4HC
SlushPool.com,34PrhSaJVeW5wZEEyqjCUZUzCPb9t2Kf22
SlushPool.com,38VARwn5rCnEPsDEN6ufhu4Cgr32QDVsSK
SlushPool.com,39ahrndrRAkAc7fsgEncRxjBBDb4euT41S
SlushPool.com,3JKEA71bdgEowfWs5MPuKZc12ycpdBJHa3
SlushPool.com,3Jdu7z4L9URtb77b5dn96HcK1Sb8H6qMc9
SlushPool.com,3LfEzdBqKrfYcnKXjfr4YLf3wEZhUhgei6
SlushPool.com,3Q2793dzvHJd22NpwgysGjsNmjeeyUmG2q
SlushPool.com,bc1q35weq2hr9tknuaqjqtckcmtrq0nav7tqsdfvjw
SlushPool.com,bc1q78x2vpxy0kvrfdfrke4w4lyuuzaqt2q37zk5l8
SlushPool.com,bc1qja8nc00alrm3ah4qckeemsvlwwhz7n32dvp2ex
SlushPool.com,bc1qjk8xpxtdgcykke6mfrymh4vqvu773fgwwm79ug
SlushPool.com,bc1ql0pp9wydtjd0a6vg3hlllmhektd03skwx60dn6
SlushPool.com,bc1qmzwwez87j0yqv74epw6kvckv3hucr95mp8xu3t
SlushPool.com,bc1qu4eeahclfe3ehg8wlu5r3q7xt0dsu0llmrzca7
SlushPool.com,bc1qwsh9st357mk5m6nrngkh5ad8d6hg0y03tesnvj
SlushPool.com,382eXe7jm5dyddF9R4ym6KgLD9oVW7cS2D
SlushPool.com,3AJSFfNPgdasB52XbcNgh3UVqEMx3ZMZcN
SlushPool.com,3GNy2PMQ9h8FTV5Be2AHVdxGLxbm7zy1sr
SlushPool.com,3LwQihwYpuuosWiBc7x6okudeZzUjuNpoc
SlushPool.com,3QJJ4P9ZpWZ8LzR8dCnf2bo13Lu6ZePyzi
SlushPool.com,bc1q0dsl83scrkgzzhku998njza044d4sjs793q352
SlushPool.com,bc1q6uzgna9xh22xqy0zjuf3huh5anre458aa9karj
SlushPool.com,bc1q7qwnwm858y3t3cfs6uejz44pzfzdrvp838h8gt
SlushPool.com,bc1qjy6drsc3hja6v9ngjl3mw29w4fupm8srtw0nuy
SlushPool.com,bc1qr6f0jl63r9cw7a2ugh9udracmt3e6lpgph9uvd
SlushPool.com,bc1qr7cknhvs0vuzy4qf8v6w838c2uyxqkxsz5njur
SlushPool.com,bc1qzyg6672qcyqfgty6t9zez5mvss565x5hvrs6m6
SlushPool.com,35ypwUk5vEu5n6VForJRiYDt1E92psinuR
SlushPool.com,36UsBuPB8LM8L6QGaCMNaFZxnhJzrf7ed3
SlushPool.com,36uZZS74L22Qxa3qi7wazRYmUtT2F2sZA9
SlushPool.com,38Gnjy3KwCnef8iQz92qqcSFhYombUj4sb
SlushPool.com,38Xm94ASSUMY33q2SRxUkNpJraTrLYGTJU
SlushPool.com,39uHk2RcNVsK88UjB1vV8bk15s9P3u7SB5
SlushPool.com,3Eppdmq9SrPjT5dCD7z2Guv2oPKLSYoMUM
SlushPool.com,3JxFwkkLUgGyCJG1yox8bhJHYVTtTtbvfQ
SlushPool.com,3K4Rr1sY84M5jKfr3ngZZxsXFM2ZqWGuqt
SlushPool.com,3KPQrEf5ybee8Buzn8boXbJhjZtnVpuGWQ
SlushPool.com,3LBChjCtSXnxS11sChHx4Rw2sbJakMFs32
SlushPool.com,3LPH8czhwVhxqxN8Hw7esJKHSeq6hu8Yx8
SlushPool.com,3MGo9Y9gg4m2enZma956huL4wVbTgd7QkD
SlushPool.com,3PDqKL9CUX8do7tqgsSnndKd8MSw4akMJE
SlushPool.com,3PhSUuyULbUW5Fg3BTUsZMfDu5DnQZRotQ
SlushPool.com,bc1q2m6mp60y72fh3m28dp5jmpjerqgrdyje6fnfy9
SlushPool.com,bc1q587q35kkkul8je6kc665j82h3mysmy9ge9v7zg
SlushPool.com,bc1q8e4dc0thj7x2wkgn0s79k2luanqnw0h6k4dnxe
SlushPool.com,bc1qj9v352ej3xjtqck3ws49g6sjwafp5xwtgvjyvr
SlushPool.com,bc1qjcp2m6gc04xt98fj0h3k80ah8pxgymam9jnjd9
SlushPool.com,31oQHzyVamiw6dDa5n6t6qYSgc3gKwwjiM
SlushPool.com,34Fcq6yYtZXoMix475tymhdB7fBDxmgf98
SlushPool.com,37NanYEAzDDo6QH5zp7HTpJ2mZEPt4YVW3
SlushPool.com,38ik3vBmhzhTkHsBdkBYpHmCNpMrKwuEQH
SlushPool.com,3JcP15R52fSKxwbenVvd7d7StpnTCEjRYR
SlushPool.com,3JxaRwdSaKu68FMKnepAKvcQsSgaJRRyLs
SlushPool.com,3KfVSJ7tt4GzBJwFUB2uyF1wv1HnZqe9rM
SlushPool.com,3LjWtpvDR51j6rXqPWee31Q3ywGCbWENVe
SlushPool.com,3Pqi9pmZNSxWWKUzuEYGibDSp2KS3p2zyA
SlushPool.com,bc1q5gmpaczq5vlv7m5wpydq5lshtfyzqc8r6vrwc3
SlushPool.com,bc1q6ja33jjetc5fef6yscldm2chxh9kxk0eq05md7
SlushPool.com,bc1q9sgf03zx244egqw6fjhp75qszhk9zanmw5hamf
SlushPool.com,bc1qgvrqt2ge4l37hqwea7h4g5cpt8plrkrcewkyfj
SlushPool.com,bc1qmcksqz2vgk7q8xr0gud5tvejcudq0j8rzrzcza
SlushPool.com,bc1qnszgexvdmd84kp7zgta40nyg3a9ufu89rzkp08
SlushPool.com,bc1qqklpmytw66cy4m73da46a9pksmqfrnlvjed92g
SlushPool.com,bc1qx4larecqm5j6thjem2v28h0f94nk39tayl7v37
SlushPool.com,34ZWZHLDMrNpXWc6MDosfdqPrtM5Brs5jg
SlushPool.com,35nWGaBKAk2efdBar3P3xExtVM359biMwC
SlushPool.com,368TXEeWRo1udch1VYc22LwWUtE72BYYxg
SlushPool.com,3EfAcGdsGoi1xDPezgdB4FxPhwp4PYzimH
SlushPool.com,3JaukPXpXza2AhCuRVNkDmVJRdyx3PuinJ
SlushPool.com,3AMTsdkM8MuFCvRH9sffStFDNn6Ba87ZrC
SlushPool.com,3NDogJvrNNY3cnZmsaiA5imoXZsjPocVgm
SlushPool.com,bc1q6v9wkj4sanvm7vazl74lmrfm5hhs80ajxcdwau
SlushPool.com,bc1q7wx46kmce3h50d9qpxgxa693r9l3ht8jz3tt9n
SlushPool.com,35gaGRjQfsu1GZnSCPrsXwZpuT1455wRLC
SlushPool.com,36QrPxohs1fwSSh7gV1WgC23Z6PYm297uP
SlushPool.com,39d6gbp55AM9FFqYBXMHYVB4nzqkR719yg
SlushPool.com,3Ba4xXij414cH1jtiUDfVMtpNUQcRCpuQd
SlushPool.com,3D4gEcXUsbGzF69GQJHSz6NfbCMDfPWJyw
SlushPool.com,3DCMFjMYKZWHDb7NPxCCkuQzTyPo4EF6M5
SlushPool.com,3DmSGq8PnoNKHgvauV3F4sB8ySkC5sNqCJ
SlushPool.com,3GhQoqMEW1VS35WucDRQPXTQTxrLgAQpQM
SlushPool.com,3H6TP4u9e8oHpuwV6ZDW5RXqiowgQYBJo8
SlushPool.com,3Hj3Y8JrWpZpzgZrZGuGdZyD9J6yER5tkJ
SlushPool.com,3JBqfDvbtLjodt2KVn49knxpCYHhVP8Nsw
SlushPool.com,3JHLLa2H2boAacARtkP5wfAzi1fS8Jyrkp
SlushPool.com,3KkzfVKprSBjvCU6WhuugSnkr5YahpXNCD
SlushPool.com,3KsQv14cGwz3GMSkBvpUk2ZzCHVr2K112x
SlushPool.com,3LtPSrFrECTZPXpd2awJaeAHurcbFgfxjG
SlushPool.com,3MRwo4okBTtktvQW13q3jSaSdHybHH26gj
SlushPool.com,3PWp39Xyznh1ayxprhbH63F5Pxk5SiyHUj
SlushPool.com,3QbkpxeiBm7Zo2Dmg1VQV8k8kacaSJVzBa
SlushPool.com,bc1q4y0quq655fcre55y2xf8egwu3hcehvs7amz4a7
SlushPool.com,bc1q8a4p69295fapkupzgmpqq2y6gy5r8r6a6edcjc
SlushPool.com,bc1qcph08zjfahpwq6pxr3292ssnque48wjtdggd6d
SlushPool.com,bc1qd9lxzseenpzy90sl8zj5l52zxc35tsnv6mcda6
SlushPool.com,bc1qjh8t677rtvmkw6d8rymdkvra7f3570a5jnjz6p
SlushPool.com,32FmZLhgBU8x1KxtBCimcsbTMWKXyiw3ik
SlushPool.com,39QNFo8S8GsZ1Kt7hWXxfx5VM7DZ8RfcnA
SlushPool.com,3GwA9NKNv2Xoqow78o3RQW33xc2YTGUcCW
SlushPool.com,3MrttxUzNx5VkFS3gR9RzD64EAkTs1fK8B
SlushPool.com,bc1qws8fgkldm5wwjenzx4kq83azl0qm33mtphc6af
SlushPool.com,32eNgVfgdSZtv1Vk2NUW5cy6biqhQcAWna
SlushPool.com,35QmkjqGayHeZtHtZ2bD9v2BjCGhwW9qCf
SlushPool.com,36dmj2uTeCJGPJumoPSusVJFQ7RbRKUDZz
SlushPool.com,36nhCYMGerrNKHDYJDyvNthocjU8o13DhD
SlushPool.com,38ELY6NsuUePeynsH8MdRZNhh7W6wSnZb1
SlushPool.com,393BHiyngQMHvsSRCFJBqz3B5bhc3GyHGt
SlushPool.com,3Atch3hMtSMKugyZhQaMvVP2kK7KeHmBR8
SlushPool.com,3BiEwkaW9j2df14LqjJUtyaGe5Ub9RHNGb
SlushPool.com,3CKqUuPSZRDXdCc6EniVc6fUYAxKWy3VoR
SlushPool.com,3EwD76z2cs5YG37M6QxnuQWUqLNqova5e5
SlushPool.com,3M2oa2eu8sBnj1DzgPjeYDaH2NTj9TrTZp
SlushPool.com,3PcV4exSZei7en9n9KFAmyW2v4An9mdmXv
SlushPool.com,bc1qcqfcn0p5zstnwxav33ltdls9pmupurfmnteurc
SlushPool.com,bc1qmsltedaq642gayfuc3w4s63l7c09va0qpjrxz8
SlushPool.com,bc1qxe6d99f7xd3xk985clevwajua27hdazft89t2l
SlushPool.com,3ErmGACvzhKjduRefNq6HXJtLxTf7AnWL7
SlushPool.com,3NMoAbcP2qiXwbuH8ovjkANH78QaYoQyEM
SlushPool.com,3GvzhRA4epfL2Wpkv89Y8SWiHvviaDymfm
SlushPool.com,16zyTQrs4C81xhH8jGGi6tsHigqcPrcre9
SlushPool.com,132B1HXpqoPoewFpdL8J1BndFce5iLAkPb
SlushPool.com,1KioxwQ9W45fGXpxb4TkLgQYsvm5oqLHPh
SlushPool.com,1B2fDNWfSZbBHEtYzNraeMHTspY1tRpGpE
SlushPool.com,1FJG2FhSutKyC4gVVFYEZs5NmCVuEfikVG
SlushPool.com,13Psdyy4K9fkApwS7vBTPDVZHoEbkuvJDJ
SlushPool.com,1Bjhmb68Xc5BEd3dh5gbXm7Pr9TYNjh1dQ
SlushPool.com,16yuroVHRE9enmskA5JAi6oiS4K62Cq6Df
SlushPool.com,1KoWAp1j49jwF8Fn77feBvUiEh3zjnKGJK
SlushPool.com,1GnSqcVUijKCXmdx5byMKV53J8stG7PqEs
SlushPool.com,174yean98bcC5uPAsKU7o2JuJPhQCSnges
SlushPool.com,148wom676fngvccNMuRHqahmnucS1g239s
SlushPool.com,121onHDctHBeBDdv4aHG3wQKWhVftpqEsb
SlushPool.com,1AqYvf9NF1HWqjscqXHrtXVeKRDNeew4Rt
SlushPool.com,1HfF6QCNJPpSAvW9L656XfY2SR6TDU2AHg
SlushPool.com,1EJRwFMAZLR9UpiznT3GgojBiZSPXPx9oZ
SlushPool.com,1AYYnJ4njLp4ggBfrUQMd3daWpHJHZN35U
SlushPool.com,1FCQbVJHL3Mcmq7Tw571ASUifiKxy18pgH
SlushPool.com,1JNt1JPtZQ1pJXJ6LZwyuPX8bpt5CzFNvQ
SlushPool.com,1KPp9rPDHSzap6JQ9WWpJhJ562vmjspbjo
SlushPool.com,1MUY1F8UHwU6rrNPooPJaNpyaF4PFZoedL
SlushPool.com,1Q2JJLvonS6JhP2fQ7yi2GrD7vyr3RY16G
SlushPool.com,16rHJKGfjNFdwFkGfGB2ebj9j9FJiMNhWV
SlushPool.com,1GxYSumDKmqjtLWdDtmxdqZTo5ANmhPxbb
SlushPool.com,18esJDh9gQ6un2XoV93a76unde3CR4P6JU
SlushPool.com,1ENZmDduxJHJSQkSPBVpJX1Jty2PerHUu3
SlushPool.com,1HQXHkXoAFDJkARyT6gGvNLJqGBd5BT91
SlushPool.com,186bvmm8sdrJ2xsF63agucXRXcnfVt8VS8
SlushPool.com,1JdEuL51wFYDV2n8Snp1ngPt8dQSJmfwEa
SlushPool.com,12yPeWcVCnBmLYNNcuivdKefBbPvCtMk8s
SlushPool.com,13DPouW2CijJuULiMVLGAmsdaDKQ8XoEaK
SlushPool.com,14Pfzk4U7Gj6LMZpV8vWPRKeKuyT6uZ8nn
SlushPool.com,19i8K8GJV7gmGKSyPnJgp5xJLg5nfNZkyx
SlushPool.com,1Aom2aWoq5Z22cHo9zCFVVrugGL7fVLTWF
SlushPool.com,1FneqMaM3mzqahVnTpe6A29usAwFKRvvEp
SlushPool.com,1PF4pGsHeZ2X5faRbz7USEsEFKhn6bSDnn
SlushPool.com,14FQ6X4qZiTNQvsTVzFiQYsj52E4uy3adW
SlushPool.com,1AKQrHKvioiPRP52deDXFWdG6rcSNFEV7b
SlushPool.com,1KqKKQQjBxS2HmCF5utSH8bWEHfLBR1x1g
SlushPool.com,1KNazjPUVDd7jrAziTnS5k5j6Ra6VydC2F
SlushPool.com,17kevTKUtQatWUhHcmVmynpEYFP43jwQUS
SlushPool.com,1C5stszKJPZJsjQZLZnnqVAPbV1hGJ8isq
SlushPool.com,1FwU3A8q15Sou7q2fGfcMZHmAGAWEhK4PT
SlushPool.com,bc1q9f3ah29kqpsjxj6ls0pmu0f5wgum9scde0v9eh
SlushPool.com,bc1qdtat3g7x5j9zw09nc5yw2hn7kfj25jhq37p6xk
SlushPool.com,bc1q6nwyrcmd8phppq69tgm69sargc44t590zx2mmn
SlushPool.com,bc1qrm48f50cnyh3rty86qeurl7u9azulvpg8swu09
SlushPool.com,bc1qp6qleptywv8vp87qx0yfxjy6y82qgcuened2jt
SlushPool.com-old,1Mining2pfZRiFxGBQ6Jw8YNheUkHhyMfn
SlushPool.com-old,14xpJvJD8G3PBPWaT8AdBWuZUpsdV5j8RH
SlushPool.com-old,16CNdA97B9St5KXzpidk2yBKiVtnRcD4bA
SlushPool.com-old,1Gcyf14GPEQeFgWjqQu5r7ua1ocC8UXgVf
SlushPool.com-old,1GnCGRhj6ptP26XhGeR4E8EBC4mCLCDRji
SlushPool.com-old,1HMA9sSFXiCcafdLNMWjPAqpinzfqPT8qc
SlushPool.com-old,1J5ymXptGtpBsLaKC6iVRT3y6K5h4otXrp
SlushPool.com-old,1ALJBq2PoPxWrx8HPE8xTKa9qVyBJ92tsn
SlushPool.com-old,1JfA47wg3rvwbjhVnEmL3cc1Y6AE9TCKdP
SlushPool.com-old,1Jn7XZ6Sq1Ko8Kqy71pDewUkG5Jwv1oAis
SlushPool.com-old,1CGejRZUvHk9F71hnPkkmPQvaZ4M7W9yHB
SlushPool.com-old,1H6Wh5nsjVPC5eKaXyehP4wc85Kw8uFw6U
SlushPool.com-old,1CvJLMK4xdGHpNWScL4eDdRzbAoZc1E8gQ
SlushPool.com-old,17cJJhZCy5dHaEM1AJwbnythkHf625BFNx
SlushPool.com-old,1KXxRj2mTpzUmzfoPnjonVn9TtRvbaUBWE
SlushPool.com-old,1QE3NSoDWh48UFfPge146vztEDGZ8Xhcx
SlushPool.com-old,1Lpt24iucnmE3aWqiBuf4GCdbWKq5c2cWz
SlushPool.com-old,12uK7EWiG5mvvU6PrKPAHUmMWch75nUKYx
SlushPool.com-old,16LnrUddBDaWKYN5aAt4LQpzML7eupvbPV
SlushPool.com-old,18LL6Z3bChktkAKYnYcTt38Hhj9SoEomMG
SlushPool.com-old,1KUB8XW5RF6SsXAHB5e59nEcNnbE9zZj73
SlushPool.com-old,1MfQPyZF43RoyK91Ke17YGUc7mfCqZUyYQ
SlushPool.com-old,1AeL5LHhSaGNnzFB91vuMF6wfLm2SRhMbf
SlushPool.com-old,1Coqjcm2Zp2USjSoHQcJKzDGEawGBSpjG6
SlushPool.com-old,1FkGeNb6Dc3KUcNGUWvY4wDVkDaJ2bV1eW
SlushPool.com-old,1L69dXz5315TUas6ffWW9TdyxekmH3tDQj
SlushPool.com-old,1Nx6HKjFrEq9DF9LMBfi4hekAaYKhAgtpf
SlushPool.com-old,1MSprVNUNJQiK5rJnpUi9NfKwXxyaaqwPg
SlushPool.com-old,1L9eXHJwBJuFdJv4ZKFpSaf1Hbhnj1zu9v
SlushPool.com-old,1Mqkq46TjQ9KvhHmWo4h4Faeqh2Gy6Tpks
SlushPool.com-old,1GFkmry1AAqkAjXyXqp7b2xTbdDSyCtz6U
SlushPool.com-old,1EWserziorhx2vweWKQ8vogHSaQyVkUh41
SlushPool.com-old,14zNtUVXZyTLc57Kk3tqcxdSt19gmKX9a3
SlushPool.com-old,16Zk349yM4q9UcbTHLuQU87WYHQ4XHRRPQ
SlushPool.com-old,1G838mVzQxkeyjTZSDbW4fncfJwVvTEZLK
SlushPool.com-old,1DaVDDrt34dZadmNSBPWJvinLThuwQkXUk
SlushPool.com-old,18E78ySfyX6CdCuDms2KXxaDLiZFvxTg2L
SlushPool.com-old,1LYck2nPDK6L2h6bNscio9NjCu8gcRKjTs
SlushPool.com-old,1N9DJTuvNvm4tTqMy8p1tkVFaZFgtN8A4N
SlushPool.com-old,18duyRz3QXqpbiVaYHdg8WezRQzrVi4RJR
SlushPool.com-old,13xp4A3s57eUpLzMLbsJtAjNTYXR1rNXRL
SlushPool.com-old,13pKoDN8v27KGEpber6T2ipAi1dmmJNVqu
SlushPool.com-old,1Frim8NZ1WfhJq6Y2L2ZF7BoEzAXPFTrzq
SlushPool.com-old,1PkcWwFGQM4j5wLX4S8b88LUK6xHJTKF2D
SlushPool.com-old,19jVFBdSH2jsKg5yfvAehizUDZvxZsQxRJ
SlushPool.com-old,166Yxa9iBc285yPXSZ6gUzgJN93JvseB8u
SlushPool.com-old,1P7mUsX4kstFy4kz1UjMVngswvD9dAUK8o
SlushPool.com-old,1Le2gTLd4jKmgSegt8rwby9QnfQueXiRiC
SlushPool.com-old,16RHAN3jLpS7S4j6aPfaDwhs5cyknqrLuE
SlushPool.com-old,1LUt1bgkRmSmNs4j67GHSdgiEmVxHBPKsR
SlushPool.com-old,16BbzQxSTnqtX8QG2GY9sDUPaufdSdGZq5
SlushPool.com-old,1BSmzsN95hxteRWq112YdwdajMPt2YWsar
SlushPool.com-old,1D3ALgm3Qbo9sSzRci62FqiAxyPyUUbvzn
SlushPool.com-old,1LzWrgipYFjEu9qKap1Zm2L1WAobrhEMgC
SlushPool.com-old,1P4ZsXMAFmQR8p3LwhcVM6zMrmDUSvFCRX
SlushPool.com-old,1G6FUgiMmvXbvECffLVbJK31ByQJ8CFGnH
SlushPool.com-old,1JDgdoK2trAkmTo243osse4X6s6FxQd3eW
SlushPool.com-old,1HkQuZ57ymbKRDbEqggiDvDV9ZAUWKwKwz
SlushPool.com-old,1M4NBoLZjS4woHf24XTandR9yKdqZJmLDQ
SlushPool.com-old,1NLGxn6TKBptMx5c6M1TbjtWJGdCMaLXy1
SlushPool.com-old,1Gd4F7FjtQecRPeug4ZjikgxEeA88seUej
SlushPool.com-old,12EruJ3EvmfGwuHdMRUVG8FeqScnGfU8dM
SlushPool.com-old,1Hd13BGkUd6nEuwDBZ1V7HC3sufRknXVbT
SlushPool.com-old,153epoHCjCZpMCdHMnaJLuEFtiUSUdNwPL
SlushPool.com-old,1NMKekp6j5xGULLMzrHkxcENMXDBKhzXci
SlushPool.com-old,1AySviLZt4sgY7StmbDSwMYXUofMueMC1z
SlushPool.com-old,15ay3NRTi5Cws881P8KP7oJtyPZ4Zoabsy
SlushPool.com-old,14v5GsAVftnCu4b2ksdP59T3QKzLMVucbN
SlushPool.com-old,17VHP1KmYtnebWTH8jKMuQ1hhwiaxuVmtR
SlushPool.com-old,1M1EGRVFbdJKZ9WFABVU4r64YavA2bJJKL
SlushPool.com-old,19sag1c1Vbq8EjTf6hLTa1m3hk8tKpPF3m
SlushPool.com-old,1iHVEgxrhtSs4oMHPLvWc93a3KjFfEvAu
SlushPool.com-old,16M8DxnfHRkCBvuahXZweDkKLfgn4eJWnB
SlushPool.com-old,18AnKaVz6LfWNfQdMLaKdZoRvUs1QAMdi2
SlushPool.com-old,1My2mdkcxcrWgebiaKuqtxQvWycUXZ3ree
SlushPool.com-old,1J9qH48SJoXEBa5BoymLs4c35tfGNo6rLG
SlushPool.com-old,19oLh9Y3B7AiCybfGj4Tf2yJ7azZ4J6mLL
SlushPool.com-old,1ghipR8EahtDzosqyTiybu7hcfsbx79gM
SlushPool.com-old,1Q3ZeS5euq89ud1ZnKAURj1MsgscdBGCso
SlushPool.com-old,1piayjfAQbToJUAZqUR2mFosa5v2diWjU
SlushPool.com-old,1m4jNBNeSXGD3cWyvUKqq9QaGEEnDGUXg
SlushPool.com-old,1GYoYvc4zgNdqosRGym3LDKLp5tN1eDWLs
SlushPool.com-old,13FDdTVpUG31gUwebkcNbxqVKsPvjRsXf2
SlushPool.com-old,1DKzSmqpawyNU3pB5ZQZoMR3iLWSwiY8ye
SlushPool.com-old,1Le12ke4i1HgyaJVcL7Kyk2vwYGwG9u4sL
SlushPool.com-old,12piuy6ixiQgyG2tJhYXzinK8pC2vqmsGV
SlushPool.com-old,1EosBkiaC8MoKGXFGTfJKVCL6wTpmpVgte
SlushPool.com-old,15q2sfLFFJ7UAD3T3ztf4t8vGqHyoS3Acj
SlushPool.com-old,1HYBRPXRRn5sbmsNqEgxq5wr7iaq5VUbWM
SlushPool.com-old,127QWLJZHMH2fp2JmazZ7Hqhu2Ca2NEHe8
SlushPool.com-old,1JMHjSBrAueRKUQvMhaWBeMSqemC4Jn5Hq
SlushPool.com-old,1Hiq2XLYAYdWy6YKoeZcBCGFGzE1ecpSLf
SlushPool.com-old,18DHR9tjzkiQA4Bv7xf54EHekBdG4NCwET
SlushPool.com-old,1AdKFJzBCMXXsBXtZgRjFNRPgVYQMkfyac
SlushPool.com-old,1LkuoW77fy6KbhXkbcAgvaBYW3ERU5TSHd
SlushPool.com-old,1MEGo2A6t3BPA5srGBjEbU697NzZXJBgAv
SlushPool.com-old,1MVEU4d1A62GiJKyfNTPGhamY9g3g4Ku1q
SlushPool.com-old,15pHKXSFsVUoRDbRR7NSaMMPTbmf581ZKZ
SlushPool.com-old,1FsXVbBETDoBj6oqNsX6EdmmRzkLKtfc72
SlushPool.com-old,1CLn5pT4q4mWVpswiRx2FowWGVEUCvAAUV
SlushPool.com-old,1FtCekGCuHwBjfsH3WEJiasuai7DRKZrxe
SlushPool.com-old,14NGLNwuUGWLjXZmMC3xFm3PS6bQyHr13B
SlushPool.com-old,15iWzRBWXjoVQLbLfvr6QxwQfXNKUXi8ky
SlushPool.com-old,1EEh9PNpc1RLRst5tBE2QPG1MUxCVskCUr
SlushPool.com-old,1LksBJjaDcqkjUtgpKmbBKM8LBnf4zpUsg
SlushPool.com-old,1LigqEJmhBhJDbGR3seYV2DnkrGC5F2K23
SlushPool.com-old,1JJYhNMcnRrQPaera1UuFemsLmbdoyXeik
SlushPool.com-old,15KsBrDPUdrhECqYuoJQCGtjfYwAGnkg3H
SlushPool.com-old,19PV1ZwDcm1Fx93QGDECqEA1AaG3pSvy3t
SlushPool.com-old,1PnD56GQQ4S5NpD8LDdFHLcwnoqVNf12mL
SlushPool.com-old,17NjE8QSTXeSd61yFmNBwa9zq5twXLYnWA
SlushPool.com-old,13nQmoQvVZbHGXDbUqCt7LNPfrNwKhVnKU
SlushPool.com-old,152qKCkyy9qGDn2YYMFexVtUmZidbBP3zn
SlushPool.com-old,1DPp6ZSbanVYPJd7p6Zdqk5iteoa5iwJno
SlushPool.com-old,1CpRP4eNv2QuHQLt9NJmAd4pMuGQMZdGxf
SlushPool.com-old,197JFuXJsjaU9WZrdiuwoohp45SbQWqMVn
SlushPool.com-old,1B2GM6UCocqq5yBQ4JGTGYASp7pHwPn5i
SlushPool.com-old,157eZB8cSufDSaFQm3Yk4L1435TMe3gNej
SlushPool.com-old,13v2dgY6qt3xFE28h1Th5Z2BYMY8dUPkog
SlushPool.com-old,15NYpNt9NCZJhkv9J5T8VGKT4fjWqudHDC
SlushPool.com-old,1Q42qEvmxDPsTFfzm3nqVcwGcUVfzWxW7T
SlushPool.com-old,18unBV9A6BLZCi9chkAtaKYsSTTDAq2Xfx
SlushPool.com-old,1Myt4Hxgp9JatvJTrETKtYPdL6JSGW3p2Z
SlushPool.com-old,1QAX7C82zQcp4e89j48pYaeJNRPyffANfX
SlushPool.com-old,1AQSCe5iSJSfNMSjiWh997MgzrpFchuFxH
SlushPool.com-old,1n2Ag2HJHRFpbzRXVxUyTrKwNyBtmjhSV
SlushPool.com-old,1QHLELASAi1rxg8UhqdhzqRigWyuetQUG5
SlushPool.com-old,1ALajtEwG5tSPDq4MUbGUFqDd4WmcLCBRV
SlushPool.com-old,1DzUrwaiPWy6DpjURvup49tyELcrXL9cCY
SlushPool.com-old,18VVsTcGPCD1CiLYhHTXixLicTCcDb1oA1
SlushPool.com-old,1HFDnB1ED5oELYinykrgA1BDEAsmwTCf4X
SlushPool.com-old,1va5wQRpj9sJty2k2sMcnxZ12sBHrSF9o
SlushPool.com-old,122ByEFQVeq99eCU6KNXrXMKpZRZ49hW4p
SlushPool.com-old,1JDNksGXm6wv54PAa6CJPL96FQMiHcQaP8
SlushPool.com-old,1GePXS1gWzMosDaXiBXZAnzAwQZ5V69EUd
SlushPool.com-old,1GfMDUgysH5Nf2AJYkAdd87ZVQQ3QEfxmH
SlushPool.com-old,13CknqkkDLGdyQEhqvG4BUmMcmr2aJVm2a
SlushPool.com-old,13phA5Lu874AG3wLnb2piZQiDNLStUzN2w
SlushPool.com-old,17WYtedo89TJD8LvmAXWPM8iweic3mMh7r
SlushPool.com-old,1Bfoy3Q1tz46S3kdDXrE1CUHFfAEvXuE3y
SlushPool.com-old,1JYWdSt2U9XnrLbjH7gsp8aMB7YjQugsTw
SlushPool.com-old,1MD5w3tuUjZTLuGFXoju15B2y549jFqabS
SlushPool.com-old,13PPrknM5Di9vYoKPRtPrQksfL5RAERvg5
SlushPool.com-old,16Z27i8AyfFUdgaqgu5DshPTXLfpXiun4L
SlushPool.com-old,19mtuAETrbXk3MzUSQDgkMwqi6DeGfbpbc
SlushPool.com-old,16sK12wRkXGP6npg7iztiJ4wFskq5PjtsJ
SlushPool.com-old,17RAztzkAM4RZWAoEN7Mf1ZxLpwb3UHD6C
SlushPool.com-old,1FKL6KMHbSYpXe7WZbYdk2qGuo3JmmihCj
SlushPool.com-old,19wXJ8PBozKH4BbAKuMUn9Z7gzMaokPFVn
SlushPool.com-old,1Lv9WJzU58vpa9j5otVJGoYs9GsyaM4mfC
SlushPool.com-old,1QKDF95t6QEC2tGPwDpVhgZsHgcwkJNXhm
SlushPool.com-old,1EW7aYqnkkKM5n6HqrTt39HNfHd7ewFknV
SlushPool.com-old,16oHHgQk9ChwbQcbjWAgjU3quWKR2vXQfd
SlushPool.com-old,1BJrQjH5hKakycweaW4Z7pRsQURQox6v7d
SlushPool.com-old,1E6xz4YpiVMTL3B2HdZDV7YvgUXw1RKvYt
SlushPool.com-old,1EiyuyJ128X5JVqhrv9R4mvh3KrLFfnWsx
SlushPool.com-old,19PLRCSkDGKiR1ZCtKad7ru971r73uvciy
SlushPool.com-old,1FtHrKaDMwkcamYbPQccMmrRtgptYgnWah
SlushPool.com-old,19SuyGM31KhV6jaabNGYrWDd6VjnKpYhQ3
SlushPool.com-old,1LTTvTbiom4rT8fNUVK42XTe2GQ7WBC8qQ
SlushPool.com-old,183KNC244ihZ7NfQsC4eSrVG6QqHPokfSr
SlushPool.com-old,1Dp4uzdXQxoQDCMVHBwxNMMcnNqLy7LTyW
SlushPool.com-old,1GNkwzpLX38JaNfAP6Gz8fDrxz6CsWUhPH
SlushPool.com-old,1Hq8UoHE76ajj2YBKecKyyye2PeAubUBuA
SlushPool.com-old,1KPS8qg7GT1EBGszBRdbFS9ELiRRpRwh9b
SlushPool.com-old,1Usuj4KXzfWL6efBMysQzh4gvLLUNJfv8
SlushPool.com-old,19dGT5vgnRZamr1zLcUfD7t1fbkv9tufBQ
SlushPool.com-old,1mp9PgyWzhSKqrHFfBTFqo3C7U6BEox4C
SlushPool.com-old,1LPKfEEXEebawJ985z726SjEteLbhTn97m
SlushPool.com-old,1Mf6hdqJb6WHcru33AXAAGR59kuky1YTWr
SlushPool.com-old,1QFeMpMfJFbdHFi6tY4Md18mKEVQAsdo9Y
SlushPool.com-old,1BJsUpXsccXrKkVqAvyJLY56JkXqs5y99Q
SlushPool.com-old,16aaijoqmTj4PrD2nTa9bn43ixpqYyQZAv
SlushPool.com-old,18tvuEPFqJD37Mb1kPbMNAiXJWaFtj2BfS
SlushPool.com-old,1D7dNCqXWvr5zWVqXKhbLRrRs1JnXCocuw
SlushPool.com-old,1HFQG88o6HQTMgDiPGdNpm9P5yqFrvpfSQ
SlushPool.com-old,12R49oxWZWxb2zpYjALoE8GpNTMVAoAExT
SlushPool.com-old,19EX5MiXpk5snCbEmFjk4SGPr65Zq7JqGC
SlushPool.com-old,1Jkni5dWaeb4zyP9VpXMDaUpbAkaz9Wwev
SlushPool.com-old,18orD2upGouhDbibVfktNyN5qf85VKBS32
SlushPool.com-old,1GYLsWzt5cyQqLxN9NCPJpXDN9CbFXqkQb
SlushPool.com-old,1JLGfqtvFEN3CNR2xWSVa3Jwe2FeiLyMxc
SlushPool.com-old,1GgynsNHAJ9SNkCzfx2viYQkrnPLUKGdxv
SlushPool.com-old,1GsAZS67MPSaVyeSogSPquy98HFnJaKkzf
SlushPool.com-old,1KyfGs5mEFiwDuwD9CyhGD26qBRapwzkkL
SlushPool.com-old,1Lue4Xftv6cqVNByHE77m8M9sBJ8Jzr9Zk
SlushPool.com-old,1K7N7FewHprpiEpPe4Q3h9iYYuqk82Vkz5
SlushPool.com-old,1P81MCW1gGnCrANc4tsUMqAXNL8coUKTBL
SlushPool.com-old,1Bytumy5Stj286A16W4DuSXZwCLebMuTHe
SlushPool.com-old,1F8Da4W2KiKCxkoa1qWjm4nz1gB4aECDsU
SlushPool.com-old,1CUcFx8HA18cPbf9FRcsHsScudagMW2MgP
SlushPool.com-old,1Chcj4ApgCabucy2VUw2CgwJgiQnEibkym
SlushPool.com-old,1H4FAa9aqqUBper7q7psAr8SCAGPJxS4SJ
SlushPool.com-old,1J2Q8BVUFgMetXd87v7M6tKf7SBqxwg5tM
SlushPool.com-old,1Kf6yrewG2si5FvDFiZHLmuAHjhZgs8CPb
SlushPool.com-old,1ehomfwJqqYguFfEGDTmAfNh2vLck9reG
SlushPool.com-old,184fmfN11TTyuL3wUzcRdBvpb4Di6jdLzf
SlushPool.com-old,1BFJyx1iVyxhuD5BhoBC6Xw5hB7xL84Vzg
SlushPool.com-old,1GiDhC66AJKdzgbh35vnUb9dZSWQ2iXyNU
SlushPool.com-old,15jUEoRaM9Fwf7D9zFucj1BC1NS71BKvsk
SlushPool.com-old2,1AqTMY7kmHZxBuLUR5wJjPFUvqGs23sesr
SlushPool.com-old2,15dVg8zSpThcsZuxmaXcFNfWCQ9XWyPKeb
SlushPool.com-old2,1GZH7CzNUzHeLg7hFaVRPvzA7EKS5B2hFW
SlushPool.com-old2,1NwwauXw5RbzMzjYwuukNJARtbMoyHu7g9
SlushPool.com-old2,14azj6j1x4DYYTyMKVJZvd2e9BpLT8tfmN
SlushPool.com-old2,1BDU13Rv4of5QsoVCUW4VtuftcJ4MqWsh9
SlushPool.com-old2,12gZKxkHSnsLJdHLuE7H8YZKzrWc7cL2kk
SlushPool.com-old2,1DmqEdPmTgACFS2vnYmjb2HUyZdSXTsnQS
SlushPool.com-old2,1JxZBi5rh8sKP67p7aewR5uFJDWDqNSdN7
SlushPool.com-old2,1LSnTe6bGD439CxvPdzg2U49TisxgVZBAT
SlushPool.com-old2,1MK6hhrwEhMQ1SzdUR147otxWYJzsojao2
SlushPool.com-old2,1NfgfkkfTrQu8HNdJQ2RkgiqMiUajWj3TX
SlushPool.com-old2,1Fc7Q9b7P6jHy77tNYzvd5Bj8FvGfmwXk2
SlushPool.com-old2,1EBGVD7SXyLA3VvapifNEWjMr3poeNLEwr
SlushPool.com-old2,1Fvth7Q8qoq5RkAapQo5VdevMZC5Bt1Ddp
SlushPool.com-old2,1NF3bL4Nu9LbvBu1vkrctFaSqFiCbfgUE1
SlushPool.com-old2,1J75vs6GZeJQQmZuRDs5bNK7rsFfKocj3R
SlushPool.com-old2,1KvuWikEeEnxU9a8om61wVTMqrzXz3DVKY
SlushPool.com-old2,1Azuk9miZzF6Se2e1jLf2Brm9R35h5qKSN
SlushPool.com-old2,1MmruhKkHqXDSVEHRBEbJZkj4v6on2Eg28
SlushPool.com-old2,1AHLj7zBYkki4uHd7LrxcxEdRCPnPnq2qj
SlushPool.com-old2,188QxzZ6NYpH45QXJUJ4Krnq7cBrMRLwYf
SlushPool.com-old2,1AnLYD7GFmbLg9byLGpqyJipTzCeQXB3vu
SlushPool.com-old2,1Apsf13JBVAxATZdBW7ZhhZLvYXFv9dyY8
SlushPool.com-old2,1F2wKq7T2kdBYmVy8Bq4h1WtYdA16vpH45
SlushPool.com-old2,1GwAfubFn5jSRDhNSTehgzTZ3S41xFhfMv
SlushPool.com-old2,1J6ucBpexDhQ7z1PqUSHSShPE8RjW2FtPY
SlushPool.com-old2,1JytAdGYkT4T2pexBYTheHsUTLgLSPB9Go
SlushPool.com-old2,13v2XKVhAkyaP6nUVBaqWdKdTn4LpzBgrG
SlushPool.com-old2,1FgXvET9jsj95bxrhc2aQwm76Gur18v323
SlushPool.com-old2,15p7RwaTfayvR3fBoeUHqiqmQJDHEDWJyb
SlushPool.com-old2,17nQAVcaBm3MKbGpbs7gTiwNuREatjuqYr
SlushPool.com-old2,14cFKqvP9H1tjfDVNixyUL7W7xQDuZzLQf
SlushPool.com-old2,15uCsfcQu4wUCcNGJN1EKQcAiF1o1qKgD8
SlushPool.com-old2,1CBC13LmNjcetDNyaDpmJmr4phLgNfAc6b
SlushPool.com-old2,1Hd2VP6zsXtTy1bSE2AZYot3mnontFgF3R
SlushPool.com-old2,19NJUnJsFMUVZD7JhnWXwBHJw9AoEA6t8A
SlushPool.com-old2,1Lo8VdQd6kie5jSmNCXVvF7Wy2UUJadcP2
SlushPool.com-old2,1JPogggzasEmK13MxS15wWJZn539Cubnq3
SlushPool.com-old2,19xdviSHUWD7qXSHQiS2eFZHffh1BoqJcE
SlushPool.com-old2,1JL4FjPZCMMby2WxzRoKAmMdqVVAoteUAy
SlushPool.com-old2,19dZiqFgkBaeEFwMYHZuMANshajQQFN9Qe
SlushPool.com-old2,1CRJM2GJSZ9EGAQY9BppvbxMiMeFK8JxNR
SlushPool.com-old2,1FuY4quULirwZhYfM5ffDkQtG4JgbYJJ1K
SlushPool.com-old2,1PgrQUcc39HRuXBUJruzr4uYCfEEDDgfxc
SlushPool.com-old2,18dEjrn2GXkydCDXsr8hhvwxcT9utWZJYv
SlushPool.com-old2,1K1vwzH1MLjmXMJe9i9zLgE7h4bJXW4BmL
SlushPool.com-old2,1MfLNaMNTfaCzCfLtj9KM9MMMdM1yrXZiP
SlushPool.com-old2,142qTW5zqLByHT4QG7QomcHjjBmoFCr3Au
SlushPool.com-old2,1MeNYMdKDvkeQ6SSJGbsMsbqj9arhQzFzm
SlushPool.com-old2,1Pp9MBq7JymFSKCzRPaGTJr37vdLKfiHgw
SlushPool.com-old2,19tEVF4P3c6ogx4BR71KbjiQrYxqyi5Bzq
SlushPool.com-old2,12ECMyxPW9uMG2PxGgA6UR5UrKvmSBUKyx
SlushPool.com-old2,1DM84Aq3ho1itAysptduCwAFBxhPFnmFvm
SlushPool.com-old2,1ArpjfY3QUQzkuYhso7QBT6iKDv83x6ew3
SlushPool.com-old2,1CBKjqHKzYHL2fm4PneLrBFhv6Tw3E7MmG
SlushPool.com-old2,1ETUoX2Jv27vzWRUNcyak9jSnsPoXaPApm
SlushPool.com-old2,1DNQrXC8tgDkhcLES1DGk51CdBfcfm3hYK
SlushPool.com-old2,1AiZy53wxs7noJvuRf8KbPEb8m2fwH59FN
SlushPool.com-old2,13nJTiy35KHPWwSRJ7sn1wMqpxzmiQG6WU
SlushPool.com-old2,16k821b6nZisYYrkAdSdgLYEe8vgKKdfnv
SlushPool.com-old2,1GzJ182gxK7HpbeCP3xC9m9PTcRQbfCwP3
SlushPool.com-old2,1DfhEeDVqJYCVrvtfAXARdgHoJT9WxZvst
SlushPool.com-old2,1GHsZTsKbkZVSdUnriMepcTaHrZGmsXvsz
SlushPool.com-old2,1DnjUUhq3TZGDNSytEMt2pNvtMWMjAkRvF
SlushPool.com-old2,17KuxBYU91ZYQEJ93SQQUm41G3aVbg9SgT
SlushPool.com-old2,1AxqP5NocjwDzF1EPWrPwHPjDDRdPETRVa
SlushPool.com-old2,1B3LWAXepbwJ2SGDtyErxfQKh1YiDC9HLB
SlushPool.com-old2,1HboTq9sDQpcNMHDqctSXXZhuyp4Wkij1D
SlushPool.com-old2,1ETg4WyYnSM5G1cf3gyPiE4PHDiYHLkRFU
SlushPool.com-old2,17Gicrswxcj3LiYfj5zNrTHZXEoahT2e61
SlushPool.com-old2,1GXEB71GsmPWV622kW7HqNPqST41wZKoiA
SlushPool.com-old2,1C2VQe6hackagY2Tz59mpcajxAz3vqVmXu
SlushPool.com-old2,1PZVZwW3qani1HmizHo8NWBksCkhevWJxL
SlushPool.com-old2,1LQvN8VKU78xqk1w9fSn2AspXvfR41AHEh
SlushPool.com-old2,1HxCF4gYcQBNgrVZsz4YVhJ2PZnNFXBp7c
SlushPool.com-old2,1EdEC6t7RkZALZBjknweAMBabijoYQpvU9
SlushPool.com-old2,1HbUVQSSfAkv5A8ctASxJjacdqZBn7cmi2
SlushPool.com-old2,1HWNEBrbbgYuGdRuCSpRLJABTzLZPsJkf4
SlushPool.com-old2,12GY4nvMToChctcH4VPUbKKimpbdfa8e4X
SlushPool.com-old2,154SbH1UJ56r5eMSJDS9aCWT3RNNbAXGA2
SlushPool.com-old2,1FArbi4rJPXQq4bVH4KaGNiPnRvE8CAQeh
SlushPool.com-old2,1HUxcgeRXu7sXpoixjqGj34roL91LnX4gR
SlushPool.com-old2,1CckZNvNHBwBhZJCFzwFPhG4phDawEt3gP
SlushPool.com-old2,17nSuZN2kGYEKCFh4Sa4eYr21sWdcsat7L
SlushPool.com-old2,1JWfKubr7yaPWjYDbsGUPzJazNqXdM3sp7
SlushPool.com-old2,12xeTzhmxspF1143AR3YExtQesATwPH7RJ
SlushPool.com-old2,1C89SuUoYFW6TU47emD5fXmHpHPQkLLgpT
SlushPool.com-old2,18aeESHnPvsxij496FkTobFEDKdCb8uSu6
SlushPool.com-old2,17s8tAVgy5RM9ZThFeEij8wvFQugsayeWv
SlushPool.com-old2,1KDNe85CAu25kuKHtwpY8qjXfvHmEfR88y
SlushPool.com-old2,17Fy9yMRnjtn1X2AYgoQqniEYxmFkT8UUA
SlushPool.com-old2,1hDDuhMtL9NAChsdzFQDwNDPeH6gqxazq
SlushPool.com-old2,1Q9LKFk4AwrRHn86W3sYgB5yVNGmeMV89Z
SlushPool.com-old2,1PwkFUTLz7kBcPXFhPMRWt4UaD9U4coxNc
SlushPool.com-old2,1EVPSAzW2TioM1CsNWxm9jPxgTsthdJwbs
SlushPool.com-old2,1PLxF1kybfyMZK2bGTT8F8sJd2CuPLW6vA
SlushPool.com-old2,187ziy3gZ27tuvWxosYXrgziFTtEUw4ppk
SlushPool.com-old2,1FvHbk33FSL1cjWhkaDozPyCtjSYQzauzq
SlushPool.com-old2,1EP47JLK3eGi4JwjbCipcVMTyzr1GonrpP
SlushPool.com-old2,17z9uAkAagK88j785w5oLC8zEkfK8FJJqX
SlushPool.com-old2,19ChdrHxiFHjxRqJkKdniXSpWmKKm9XKJh
SlushPool.com-old2,1JYE7qfAFgQ9fCA7Avi1EUNJNikiDn5mvN
SlushPool.com-old2,1GYNQVm9DdT6R8oNeFPsTe1VL7RNi4tS7k
SlushPool.com-old2,1JtRmTgqJD8p4A5py1GE5acXyrgSJkBpvw
SlushPool.com-old2,12iYRFviTosbDi1UkQfTSaTXPhX1KZT46c
SlushPool.com-old2,1Po1GXFyfBornFpVwW6CzvivK8JHZ6qf7W
SlushPool.com-old2,16YKKaqaESdz2unWkcWSTRggjZwPD4aXpw
SlushPool.com-old2,12xxyAHp4wzjfZ3LWNeQK2xrfdRUzLAbEM
SlushPool.com-old2,1KfUy4EkVFc8hxJavbH9nNPpiAZZbqzDst
SlushPool.com-old2,1LRqdjCWSB5HYUSAAnpAd2ki3uSxamT9DF
SlushPool.com-old2,1LyLhn2fiErBSxTa6jaDSmnDMmiR9TrW2A
SlushPool.com-old2,1FU2BYqgWXtVhqmtgQVjPnScxE5HxCUttY
SlushPool.com-old2,13Xcs7UC42hGn1rsvAbvYiJpd6woKnWMCZ
SlushPool.com-old2,1Btpw46CNCWefzSe7A8Kng2EXUGCS55jTH
SlushPool.com-old2,18nzY9i1mCV7fE3UH14CfXmE8gQqSRyEoN
SlushPool.com-old2,1AEkmeU6QZcYHG9Fv37zGN3f2tcZpSoP71
SlushPool.com-old2,1Hshs9Z9Q7MkkRin7gxj2DUv4zNkSn2mE5
SlushPool.com-old2,1BK4ce37hfqtmnYnZUUNuTfTgEn83pscWN
SlushPool.com-old2,1FiqrkqWy4oZ2Qqs2di3umz8QKeWYoAU3T
SlushPool.com-old2,1B2duDyu598vyc9tVpRuEWg7bhkqAs3BQ2
SlushPool.com-old2,1Bppa9BJbBDZ1t1vRainqiVvhXH5oJq1nj
SlushPool.com-old2,1EHGksi65TyhE8GCk3aB55WRVshmy9cd3F
SlushPool.com-old2,1K2JfqhqJRvPCWLs3wz6JwPjidPUkmtRpu
SlushPool.com-old2,1EQhCtGZiKMTLYgvjAQyfCBdqSNKFPNGDW
SlushPool.com-old2,1FZKdjiAH1P4f7V8uL1nwa2R7qeQjcATRB
SlushPool.com-old2,1JiyW3rfvqE4DHgRMfGrmPwxPFTs67Bpxi
SlushPool.com-old2,1PqD9v7pp8kzkmZm4LvgMSJ5HBhiTgoui4
SlushPool.com-old2,1AgEmiGdqc14oDg2rChgKaqgK1bC1yqfdE
SlushPool.com-old2,1EdYAmZXu3FrDkHSPcbrnn8Fd4ddqvSJAF
SlushPool.com-old2,1Dd3XYUX17zpPgpMeXufZDHHJjyQ1dVdon
SlushPool.com-old2,1HP6fVTRyK2FHYdSvVjaCynTAbpoDKfyyN
SlushPool.com-old2,15MspL4U9eu8MHbRB42QqtWnAWmPzwkxtD
SlushPool.com-old2,1BZHfhwEMSF7bSQL21NrTUQc5nBwbVt3PM
SlushPool.com-old2,1A1N6u1bmpRVWQpyRh8PduLJDm75aev7Xq
SlushPool.com-old2,1DG5zWqgk6RbToLw3VnemSv1JSiLGePNfV
SlushPool.com-old2,12k2JSsUmKsGBAWedPw1cXK5waL6eBgNe7
SlushPool.com-old2,19LomZZzsTRzfy8LsuJBZwrR3y7Z3V8yf1
SlushPool.com-old2,167ZRRFtygomT2ujXuqnaBofv6GKZnMazS
SlushPool.com-old2,17LpuFhAgHoUu3R49cWtdJ8p94K3zurYqL
SlushPool.com-old2,1AqLCPdTCMDmT4ewPbzLscgJZo7dHcF9cj
SlushPool.com-old2,1LsBnBLEqQPECjaVTuWjKBxDLePKMttwri
SlushPool.com-old2,1MWsTbHFSHNTR2S21hBb22rJDx6autiF9F
SlushPool.com-old2,1MffpnpqHi9U6EP3CDNtv7sKft5GZxisNk
SlushPool.com-old2,1NkiEgcmPwAXVkRCCXSLBiyKo4wZcBaehy
SlushPool.com-old2,1LkbWXBFPWyCspkAHPeduwXEWUvtRguMbW
SlushPool.com-old2,1Dq7SXy8CsF7PiDMM3SZ2ZPeExCQC2QaXt
SlushPool.com-old2,1PS1NsdYtoYWVXuve572yyu5qceemEBXBH
SlushPool.com-old2,1KeF9McnqYVtM14b9sV7HTtqRqAXhG2NSs
SlushPool.com-old2,1DqbwUEDMmkkAod16eSMUnzkmQvKDJ86uA
SlushPool.com-old2,1FDEQH6ZXo9BE2GeM3bkmw3dEHhyK9rbe9
SlushPool.com-old2,18NFBfNb6k3e9Feb7bT15AwRsU8tBoggEs
SlushPool.com-old2,19SGwamcRY39KqfG2n7doBbwnhGJBJMwog
SlushPool.com-old2,19fSsPM2TSNDKwjxyvecFw9GJ4yqjmfHyd
SlushPool.com-old2,1GGhrMY5btdoDF8a67Sbsg8F67WzSgKtSo
SlushPool.com-old2,1HtcJnrLMA9A1rjhdTV27oApdh5BLBEMBd
SlushPool.com-old2,1EoegRpTQpfW6fkS4CcY55Grunaj9QsRVK
SlushPool.com-old2,1FhxZZCUVdtzty5WLenNbmywUn4GTLB1nK
SlushPool.com-old2,1Q5Q6p91ya1JWziojXoYZ2Zi7D9eeJKMza
SlushPool.com-old2,1AB79ZswFKxMYnhwSkGDwuhiyJ7x8ptwFC
SlushPool.com-old2,16aADXMqPrVYNSJGNpzxK88Py6Y5nzJ9ew
SlushPool.com-old2,1CRbXYBMxXKgqKyaqfTqpENnhE84HNFnCG
SlushPool.com-old2,1BUcULVTRZt84TAFJo74E5r4gMnTfBAb1U
SlushPool.com-old2,1ECTfRBeqH1jZQdViXu2viMtf7BPT6uHff
SlushPool.com-old2,1F1JhqTKAH4fjdvSeLYcqszwdaei6n53bH
SlushPool.com-old2,1GiZUXsMZEeR8ynU6V1FKsu4BwrdRUR1BG
SlushPool.com-old2,1BZerskDVbt94KJ39jhpgJTqkKS4ETXkr8
SlushPool.com-old2,16YDPfHSYW4WCDmVYZRCXD5oe6eD8CdRan
SlushPool.com-old2,14zrpzLNF1kpHtk7zuQjw5TDRkFPy6Bju1
SlushPool.com-old2,15A4gAqtQiVZm7Aj1CBACozofkAc1HDr5s
SlushPool.com-old2,1BoGQFefUuoHxfYddfAX6T9DjvmVRW929A
SlushPool.com-old2,1836PKFfxcHjTcJYH3cXWBHxP4pSjYMne5
SlushPool.com-old2,16Ya46EhFXJamP1PK2z16fAkkmJxFSU4a3
SlushPool.com-old2,1HuMFDEunZxddyDCtq1c6YZHrxDfebGJhV
SlushPool.com-old2,1BFhwgeViRwWGCnNnFyYbgBBJLo3cEFp7G
SlushPool.com-old2,1GVpPt3P2WebNoVPH2M3BKWKZo7NiWPUZW
SlushPool.com-old2,1C7Js2SgbkA1R3BjdJJ7jrAR3sfcrHgnrW
SlushPool.com-old2,1H8fZ4pQRHxxBwFYFtZtq8SPyaFV8HwLJs
SlushPool.com-old2,1EKzPngS3q6Pt5xHnk5Q2p5VrWbgJpvVPB
SlushPool.com-old2,1CcgA1y9PGxJRZwCo9qDJKDrtbC2FHCyDA
SlushPool.com-old2,1DbdsvwUDGYLxD5BLTq6sFjFZYE9dbcsj2
SlushPool.com-old2,1PosBAsRWReYLhMoS2eyUMmCq995dTA38d
SlushPool.com-old2,1MaBLNecz3foYjC1TzqwXQHt1gE1PqjrVZ
SlushPool.com-old2,1p4GwHm7AzDzKj3a9i2n4FUfwajN4bHvy
SlushPool.com-old2,1GJVJUTw6JFAsJYS851NsLQzWadzUwH8hd
SlushPool.com-old2,15o3pb6aW61FBTZRgV7ACMUwC87vTDfZFT
SlushPool.com-old2,18KABTWkUsCTtnNo3LWF9S4xH1FM9rJsF9
SlushPool.com-old2,1Bn3oVdNLeUx8ouNK4QTqqkJzzUPFnyaB1
SlushPool.com-old2,1E5p87w5EGARGtVLQ9SLkSXA4PgHNtznfk
SlushPool.com-old2,1EQgJDsEzaksnMTh6pAhVuAc4m9BLzmWgZ
SlushPool.com-old2,1Phk6iDw7zui66g1VnugrxLnPq5Zy7kBXS
SlushPool.com-old2,13GEacfCqJfhoEbUrLYpkqQyKMN74HW1M4
SlushPool.com-old2,1BnpzQafpyT91KpJK84VYs24hHHKMQMBD7
SlushPool.com-old2,1NyaEV5FgAMV5z4iPDsCg3YdjKJAav3xXc
SlushPool.com-old2,12aHqDuE4CGfcSKRMFpz6SQUHN5SeH9KeV
SlushPool.com-old2,14eQ5CgpaRn3JgR3xYXTjt8CCSLjnKMABu
SlushPool.com-old2,17bx9tytG1UaoLACm69CF7WMSyzgK11PmQ
SlushPool.com-old2,19NGUtBrHcR5Upd3yT1bAunk9x8mD8svby
SlushPool.com-old2,187K7ouCkoC7uCG8hMJGoqzJRh5EUGaxGZ
SlushPool.com-old2,16V8N2mEup8XE2hbMdavLSQErG1Ub9aAyA
AntPool.com,15urYnyeJe3gwbGJ74wcX89Tz7ZtsFDVew
AntPool.com,1Ebb8NfVmKMoGuMJCAEbVMv2dX8GnzgxSa
AntPool.com,15HCzh8AoKRnTWMtmgAsT9TKUPrQ6oh9HQ
AntPool.com,1M5hoG1pCTDsPqZwG6WH25ziwYYaXNMLrU
AntPool.com,1F1MAvhTKg2VG29w8cXsiSN2PJ8gSsrJw
AntPool.com,1KM7w12SkjzJ1FYV2g1UCMzHjv3pkMgkEb
AntPool.com,1PE7LXcntsLvavM2KXpJGNu51UbDhC3u63
AntPool.com,1JVMpaWzLB1pnkwoQNqK4Z4EimQj5bCKj7
AntPool.com,16cAnxj2XRngJ5d1BaZdPJUYWddGr9GZaB
AntPool.com,1HyepGCdXGpiR7b9RRuaVPAdmL7x6znqQr
AntPool.com,12i6Y6TZsmbFPJiQr6UXqTqmkL5j2FCXD3
AntPool.com,19HguK9wZkCa7MXv97hBZg9jdJtjfASz7h
AntPool.com,15JtYVy8bAcJXmtQDSnfDan5eZ35uNeknJ
AntPool.com,1H5Qqo8huoczLZbPPCHCegSiwEYF648SSo
AntPool.com,1GR2hojymSX6VVxWNgXRbR8sQsbXnaMp6n
AntPool.com,18Vs7N1VfCj3nZDjKXAURse1ZNSc1dakE5
AntPool.com,1xCbqUXgg13ToDo4LsXJtReZzsPsAiqPS
AntPool.com,1FuCn8EhJ57nhDcJEdB7dAAP3mW2sMckeP
AntPool.com,1NYcww4PeuncQHUzuqy8Tph8Ce3ex4DULV
AntPool.com,1KSRteDMjDcp1x1kedaTTN1tEoAMBhJgaP
AntPool.com,1M8rXiRwEUcqX7vkfYjE8wHopciCMFPW7k
AntPool.com,1NzieHWuQxPJLpBxET7WEnPQRseJgu4rKb
AntPool.com,1KgYmVwXetZc1pMFmn4pQjdWrLMbtCoVjZ
AntPool.com,1LCscSv86LD11BigM4wWMHemvxKS2VDN9P
AntPool.com,15w1KQqWTER37vBNx9KAtpyx7vP4qxG7nG
AntPool.com,12GZ5YU1jeZzkGJJtqTpU9SQ26Aj8VdR25
AntPool.com,128verhCLvRUNErSoPj9x9CyUBChsQ5XjE
AntPool.com,1J5QnE2NbBrKokbE6VBXQxcXdV7vvp4xeo
AntPool.com,1MKgFcTXRVA3CJBTCukGQQi2d5U1o1rD1Y
AntPool.com,1BkgQfT4ZTR8mk5FcPnANSgsyyQygmWTPv
AntPool.com,1Gj2o1eD6HrALyQTey8qnZ4GdAxyKwzmLY
AntPool.com,1EVJvruqcaDHfedU4wAPrUT6J3oxpTkMbL
AntPool.com,1LDXizVRdDmaTyv2oP1izEvYjHjEqJYgez
AntPool.com,1LtZUGSvUEM8HNZZVu8rqZVshTmQqrzvtc
AntPool.com,1BxbqDsqgYcm3k6nYRLdjepW7Appoiw3sq
AntPool.com,17KmFEoTdwBEHZ6nb4zatG7VqC2pHWhQK4
AntPool.com,1ENT28vDiMQcB2TZ1WX7gc8mNAAcaHymv5
AntPool.com,1AVQRSEeuCqdYFDQc1X1NJFhtFgnLLRN47
AntPool.com,1F8pqJDCAR1hKNAgGg8brQKck1pfe7DeSd
AntPool.com,1J2ESStjjKWQcCALnoYpYiaumD9BptLNCM
AntPool.com,1NSgp6JbkvbGrYq6AdPXCZMxGJLkpNUwdP
AntPool.com,19aJwbokYgwZMD7i2GRgFD6C1Bcn26ZBgf
AntPool.com,1A5kcqu54JBxGBYfKZJRjRENSG1VJLxVG6
AntPool.com,1CdKjxfe7WnUfgcyuaCRRWCTPNC9BaPFRA
AntPool.com,1KMZqPqczC1T3V62KBSzUw9JBHZuNJE68F
AntPool.com,1KZPrpTCC5WmQ9Cbc5ush6XXgxRN331hnt
AntPool.com,15Q5upeBAF9igPPwAph8gc5nrGCMitY12h
AntPool.com,1GK8QQZaQcpezCrQUAmWXm2moXZ7JXu2KG
AntPool.com,13ku6XtYQgAy1LjfAWLDoCW8TP8EwBi49T
AntPool.com,14zWfnmZvMoKbJuBZfVhpkKejyLSiaH17T
AntPool.com,19E6hVyhT5q7RNb3zrR738fyFuKDNEzb5J
AntPool.com,1Bcz1e7Qfs4RNAJbJVZBbJg5BeT4Lky3xo
AntPool.com,1CsvRwrtJrJU2ZH4GUySafXp9PPLrm52w1
AntPool.com,1Ncmg2CGdPPdkfE8oRRzLezfhGW1KrZ9Pt
AntPool.com,1GfjRsfByBe9J6H7xTzVkUKd59LeYyUR6t
AntPool.com,1JRPXg7pj7tRavM6C2cEKpeXcXKMem5jqp
AntPool.com,1Ni3wpv77sAh23YNXvzrQ5t48YLo1nZzjg
AntPool.com,1MTPjhE5ocuqYhRU6iPoGcBvsbXZnkJtAC
AntPool.com,1NmmjNFMGVwZjxVsMGf946ycrA4nRUhNPv
AntPool.com,12txdvkqSo4k7dr8keU5pGTJsLejqox8F4
AntPool.com,17c7pAmqTEr3fCZUU6QCiV5Ki3t8uFn3n6
AntPool.com,1CPLytLLe4KcRTpDMoeXwPLe9uCh9SEWwM
AntPool.com,1Ck6qJ4UztfniZvPVqByuNNdhARGp5oM13
AntPool.com,1Ddhg12U6eSj9B3yB6hMGDkzEMAFcsndkK
AntPool.com,1A9PcAohsRs83PM5kE7Et62UbzUsJjzXtV
AntPool.com,1Ea2g61ZWapU6uUgD9osK5fC5BiooU5HSr
AntPool.com,1P5fFLuvfC7CdcVfNZr2BVNrCKfcW6xBsX
AntPool.com,1FeU3ZDBn5HxXJnbpeCXmGAjA85LYFHE9G
AntPool.com,1GkUg1wgnQNBA6K72cbw4aksZgTweG4ttb
AntPool.com,1LXptyR98JSc1LZgK4REDrL4zmbTXXH14y
AntPool.com,13gSuQmC2xNAmYEFiAguXbPk3jLsAt2Hyt
AntPool.com,18GsGym3JWadRDXQp9SuLRuN5S5PmjV2ez
AntPool.com,1D4yCbW3TzH87qKLxLXSrLr9ddSMDCu52
AntPool.com,1DbLPpEkadA2camF9Fa4y7zRJcNwvG1Dhm
AntPool.com,1HMfFdWHRcQGPdkBTwyf4jz61CVv5X7e5L
AntPool.com,17jK4noNC1rn61NJDE5VyrRLq5hb7sBNYn
AntPool.com,15H9QUKQodM37MHEtpP8rPonadhXN6KrWb
AntPool.com,16DQiVxWLMQUoCZAsb9asj4tTPYv6o4r1A
AntPool.com,1AXLb5JsyF9EhBqxKxus7Y3J1LTuP4Zq9F
AntPool.com,1PKRFxEXBMZCVC5C1ALfM1YYQ8TcTYPy26
AntPool.com,1AbE68E4Hbo3efE2QSVJwa6SBYm4KrkaRH
AntPool.com,1C4hTMbaBqnub8xyJ39noGkKjC6RKLwjFp
AntPool.com,1GipfmeTSHXtfwG2DxqNisqfR6GLd1JqdG
AntPool.com,15wHmmpdq5s73AG3w6eoaXTPaVfHPVgHyQ
AntPool.com,1KkLLJfzoC94i8SiZ2odxt9WLjjL1jX1oQ
AntPool.com,12pWze9DECZnXAoDqfNimT1UXcfMxR7sCg
AntPool.com,14HPvQzUxhxeV6aCY4CWgVRfktczsHP3qD
AntPool.com,1Av4fiJKru9YB1wPmf1DTfTeLYXWivCCnQ
AntPool.com,1BYSUgNpFjSCWfGNgd41XFGvroMdUKPoQ
AntPool.com,1KCiTjX2xfYUQTHP6baGDTjC4WZ9rSQ9M8
AntPool.com,1PAo4MWY8ZRGCEMv3dQbFanJC4EvCN8XWZ
AntPool.com,16TYna714BaDVPg3Q6B2wBUJG8cQq9xVfC
AntPool.com,12wdJ2g8em64irWDK7uzdJdR5AxPjt2QSx
AntPool.com,1582McHSNYLhGDHvyyMeyPoYXRnqZ4LKAo
AntPool.com,1M7ysVvtgAYR3P9BTwq5BLXRrGWVkUoC76
AntPool.com,19hwR3CuyShmL5EJ61ZfeXbot5sARDp5X8
AntPool.com,177WdAJaWHxYXphNnUNUV1T95SJ3Rz9e8Y
AntPool.com,1KX2BzuReye2WqMBKVyKWwmd1ohpRy2opi
AntPool.com,15FDZ2vD89nE2Wjqusat6ny85vBWcuj2eR
AntPool.com,1K2foQWrDjKDdVJgrnxp7JyrL8oVWBeSma
AntPool.com,15yZaKWWSAHqi3MWRrnf71J3EiPbPPMmhp
AntPool.com,13JgUULZcxqx4x4LHU4VkfPGnQgdVf4i2p
AntPool.com,1BcshooHmEcQRbrsmok62cMoTAcdEzG42G
AntPool.com,1NyTMxMva7tmk4WK37NRCwXc3F5qmCmbf9
AntPool.com,1HPWvnbE4DWYbgPH85ZHgWtY19NYGtW5Lk
AntPool.com,1Pwp654aVsw3LGTMvPgaR97S4nXPrnQk9W
AntPool.com,14p7mJ7J2ZX4PWAZJtpRJVWdZkct3VBrHr
AntPool.com,15kVPYtHvA348VJhesm9pNU3iu4NSDYhCe
AntPool.com,1MF9V7fqzoQejmRE3FmfCpikVMPSjuC9n9
AntPool.com,1Hs9gm6BwuNnciKHj3tG4PGpzt8hSbAz1q
AntPool.com,1AR9BgGuVu556MFESj1BjG3skp9u3kyXic
AntPool.com,1Gqtdgo2ygCW9U9h4TmW8E6SHEdgsRNN3M
AntPool.com,1Jz3hi55ptBhoxAHvYCXBCTzaQ9VvnwRCD
AntPool.com,1A8gDdDoEb9iVR7YAV7sWhuW2bCrs72oz5
AntPool.com,1FFx5C67qa2gfMUV4NQTTNkdkLy5gG2Qr5
AntPool.com,1NeEUoSWs8WctHHz72peyc4DbpYEar3DVx
AntPool.com,19WucUmPGemmiCgPj3wuvnCsMYha2WZKFr
AntPool.com,1JH2PVwP8TjnAfweQ4in92RooUgYcTX56M
AntPool.com,19kvrYytZuk2ZPjk3kAYbPBeH8GSaaRKRd
AntPool.com,16ZTFsxEW2BjGLFUFF3rARnbYfVjf8Vi2j
AntPool.com,1AjtkwZz5kPkzYQQMd7Uqtx4hgMEDTEeYE
AntPool.com,189VdKP2iQiZp4ELrqdVFK4iw6ZwgXSnDX
AntPool.com,1Ajbff2LPy5DHqieBfH23vVzjqurqAWchu
AntPool.com,1LCQMeuQwM464o1mrUqRZ1AWfPoacbxZdf
AntPool.com,1F3GqN9MaZsRHmX7mMxFQvx3sHjsvrp8cR
AntPool.com,1JFGMcjpab9ozSwPfpNTmdWb1AP96mm5Uz
AntPool.com,1Ly3FToSCJRSLSmcvTgvc2QrGWWeqKhGPb
AntPool.com,1CzynEv4UvBGGkftUQt64aMjFs2Jt7Bay1
AntPool.com,15eWY62HUppUHFzBFUGnSGdsLs7BRTdNCb
AntPool.com,1EvArSEGmGBYs29B6z1WVpNLncZXYgKBhL
AntPool.com,1FeBM9wk9r1kM1NsLZJciHCjWWiiVAkPnb
AntPool.com,1KgLAL8rYgSG8b3sa6uKvgo2DwLE9JuNUU
AntPool.com,1NFLXWxb9YsjjAuJgtJTkirZJ9dJunE2RN
AntPool.com,1FHfdsHjvZsqmjznPYQXR4cM2B4mSUrXm3
AntPool.com,1Gf5nB8iVTuthzhCv5QmKFTbE3WUfqEFgv
AntPool.com,12gsLFddyeFVLFEzkWxYn5N4vMPdEhNZaU
AntPool.com,16B2gG7ryNxyGsfMF2EmffAhSoFyXgC3T9
AntPool.com,19ezQ8uUavGyBo4vxxaVowMQpsmoJeG1NH
AntPool.com,1BZPjAQF9F3ietqiDxhUKL9w6BUCBynozr
AntPool.com,1LfD8caKKx64EUmnV34k5hdZdAXiKA2JCG
AntPool.com,14Bd347DYrYPSbkMKm7CfAGSRZo5TDvrsc
AntPool.com,1DrMDh3xpiTq9frFPcaVBmPNAw61MuUgyc
AntPool.com,12Z6ojbRiEdRKLNu52rjqyKLadTAKXv4By
AntPool.com,17cTpSj2Qwc6vvhnR2v46mt3hj7MZDnmVp
AntPool.com,1FcDBWRSJ1heaNBDy4KPjJUhaQZwfNisAK
AntPool.com,1HfxoszeB7igvbZcgdAGme5K1JuouSMP1Y
AntPool.com,1MdFcnGBBZ6toFW5PDdfenqJt2qKjTgER8
AntPool.com,1CaxjubcwAw3GBwoctMGGa4wiRfeziiywG
AntPool.com,12Me4fM2m5nRk8s8Ru16thZxa1Rw8oMk9o
AntPool.com,15a4mgZNKRfsWTXUGN2qtmoExVX27HsFn3
AntPool.com,15aTFynLY8MyhZdvHU4iNxpJ7hnjmZAFQH
AntPool.com,18GfJpuzWT7pmSZ39oqF9p9FfUVZGBHLFK
AntPool.com,18kkYZFCiABjQkTyuCYfLgGvtCjND3nHu
AntPool.com,188SWNePKde5QrsuTQo8HehAaQLcYXRwUL
AntPool.com,1CK4dpMhw7ynzWJFLsUAyJ8ShHhXASYep4
AntPool.com,1LBxqvcDQ4h6pPj9dxvJ5rVwkKqf2TqdHD
AntPool.com,19pbbAxqNaSJBBBpp3tifLG1Bu9c31ae5x
AntPool.com,1rycHsfPUzqkSK4sQWwZzqTAbcxpficBh
AntPool.com,161NBBjfidieHsF8FmJ7fN8cHoLgYxeYao
AntPool.com,18njq1bXXd5pkqgNdKGmMEFS5EvDhSGaAN
AntPool.com,1E2bHG6PYipXz65fzu5ZzzfKUSrbzVSXrF
AntPool.com,1LXduJtmw7hP51P5DCn1w7yQL2rJL9T9CT
AntPool.com,1PMcywqMzhbhY9LdnZNz6UkbQZcxx4kCUj
AntPool.com,1BSEBN2w6NX3Pq3zHUcbnp6k33EGzRzGgG
AntPool.com,1JCH3WaBQx4RamXLGU4tAQn2dE9bdkAEb
AntPool.com,13PBEjMipSnfPrTpdoQR2Fpp5g5gjNKspy
AntPool.com,1BahEyGzj4UquXn5ZRU2QDbqyf3sMmi6fd
AntPool.com,1CL15f37Fj773LidfTbL8B5tYEU6wVkCas
AntPool.com,16stHCfvysaHtffdZPJG2KY6xs5HTFNdjE
AntPool.com,1EBBBpeL6ahN3HbKPKWVQzhkzooPz4aKpR
AntPool.com,13yMuuMqUuttbdaZEHHJQCuGdxpRRRe1Si
AntPool.com,1CkinHhC4tw7L9J2zzK76rsxCFKMFmsfmu
AntPool.com,1JyvL3xRVyM5LJeqhv5859erRBrGZgWmZg
AntPool.com,1pBbiesYaz4FBHATpGBH9zipnpzrQkDDa
AntPool.com,16mKRdZ8hXhpLYVCorHuzmCS3s2b9LYeov
AntPool.com,178pG8Lmb5Z9BoHSYAAmDqLMZKoXqyfJqp
AntPool.com,19THkjfsRYzi8SXKijpAYjJjTPxWJsLwTu
AntPool.com,1CAqiskgfXEPgWoywd4NxNqzzmCnsvLaLm
AntPool.com,1DFRAyHLiRDpHSWjmMZcGeStY1UuELe515
AntPool.com,1Nsq7Pb4abaoi9PjRdEHbufjUuRq3tWbXQ
AntPool.com,198wRuEn8mF57RFqGHrikWUxN5RUzvLWv7
AntPool.com,1LUUJhMAkVVU6ow34QAKxF1e6suuQ4uwyd
AntPool.com,1NxTdC91bHGa8ddvTBYdugGiLK8mB16SaL
AntPool.com,1DaVjnh7L4wxP1YkiYLodwn4LQ66iQTJ4x
AntPool.com,1PkGRNnKvMfZ2kwAE6cC582gVVpKFwrZBW
AntPool.com,12aUtooGAXW69i75Dq2Doc4QNGc1trSexG
AntPool.com,15riaR1XxSd5m8derSSvjYYXAUTsc6B3aw
AntPool.com,1N1sqUuWwt7GFZYKL81VEWZC3gMPf51isz
AntPool.com,1Nz6YoJRHo7o6oHjC9gpTgmC9jU2LC4RoW
AntPool.com,1PZkbWN5P8627g1oJBtRUZiyrHEQgJ2Nj6
AntPool.com,15xn2KYkX4st8saSgUy1QJv1xju9xbb38X
AntPool.com,15EwpVYihgjRAvvQGxUBcBRSabHWCFcayn
AntPool.com,18dB1ouHa87Ji4k6Fd1RLUbLiAQjGTWtmn
AntPool.com,123JsgNoXKCJz47PRzCdU5NEeY1JUMTbns
AntPool.com,1GDds2xTzyZBRKkBRxNCA3wunsQCjQziZx
AntPool.com,1KMhFWwwduQ44ctgCE6hXfFbGnAtrg9cwJ
AntPool.com,15siiV3n77NLspaqR6JBrc34edvEmEgJGf
AntPool.com,17AirBF2ZueTxywp8Mkdb8yweGkq7SU6PH
AntPool.com,1EojzUEJBhAHfxGYMUaYmQ9iqZ1oGD5ffA
AntPool.com,16VFcAysLoUUVkub3AMgUrxuP2jCHsnypv
KnCMiner.com,1H1sq6Msgt9HjRrBuz8ieZdThzWXS6oPVA
KnCMiner.com,1A73ExsM2doRwTLp82rv5U36QHbBFmHD1X
KnCMiner.com,1Nbq2XZaRsKknf5fcT2wTXvBS31PaUWSeX
KnCMiner.com,1D5FhoiuLMJJ43BCMGidwvbKWfr71g1vH9
KnCMiner.com,1FadDQWq27kyoWkwWYmNBaZvN9qFz4Dsuj
KnCMiner.com,13D1PihZosfzuAPBZ1QrXD6151CEnkrVHs
KnCMiner.com,125YehS25f8PMeqYzGEDHBd9cAP1CEPCNR
KnCMiner.com,177U8keqkfrMqAiD5uJz4ZcwdHsS4qFjTZ
KnCMiner.com,1Ak8MdkTUsLwJCKAruZsMWhNzq8QZbunU4
KnCMiner.com,1CuFoBvaMtkPBRP7sjKXiRweKMNFfzu9NV
KnCMiner.com,1AaNkUSVRgBk58VkyPDt44pDgUjtPQyyuv
KnCMiner.com,1PmC94kJzdM7yk25qAcfPELv97eUctWaxV
KnCMiner.com,17g3v264TJi4FAMsNKGG8C6kRpUSXNuLYm
KnCMiner.com,1G9AkccVdYUwg4QVo8rZMG1thsoMqP6xeF
KnCMiner.com,1LPGnMwacc8DBpCVNcohZ3Wr93MuYp1Lyb
KnCMiner.com,18CLTaJouStaYuY8zL7n4HiYPjaff7TxkS
KnCMiner.com,19CCapHgL4sj8PXDz2yEeZU5Lp5gAcCgvC
KnCMiner.com,1GTFZon5utAvnWkZC2SZU3PPyhFU8U6ccR
KnCMiner.com,19uqvULxWsHGzbkLn8DCymTUYzKkfFSyv6
KnCMiner.com,1DkKXE2aKM3yp9tijo12VXAYe99Qybpb83
KnCMiner.com,1C9Yk1JAL3WxKjbyMfXfT97bDPWJCaFFjs
KnCMiner.com,15Kbm7cx4taVH6oVJMPc1i68i7qRem9PKj
KnCMiner.com,1MGrBRaYxvrJ4XebiTwZq7LnhksSrXzE8j
KnCMiner.com,1JURWqSJt1FLsuiNM2jsRvhdaJnXZnVdpQ
KnCMiner.com,1MbnWxjmxwG6Zy728J1LLZAf2cxLXSLMvo
KnCMiner.com,17m7cCXgHiMVAkUSHFjZnVdR5Wuv52gtdD
KnCMiner.com,17qrgELt41TedLEzTPqB24JcFyLiXW8poY
KnCMiner.com,1AGUhqGY1ogReepMPSqrAF2hukxv6D7Mh5
KnCMiner.com,1GWbY72XWdhXbi1oU1uVej7jjbS5YSARj2
KnCMiner.com,1JwB6cZWJmFxkco6YR3uHZ4MmNKhgtgTga
KnCMiner.com,12cvxuADETm1ykZDtxHcv3PmUBrGrCgnGN
KnCMiner.com,1BULBucbPup2b7pYWZvPVGvzfGz5XQkiNa
KnCMiner.com,1CnTQUzYYDNebQAH5gAggcvHHvWGLQqBBf
KnCMiner.com,1DvRMsCmJtCDPG6tGb48LAS6DFR5Txqhtc
KnCMiner.com,1KHbzj7oX9RKjJEcoMz5W45vJtgiJxtsmN
KnCMiner.com,1BKXsRYvcuAtLUKuUPQQ4dXdpTLUYoqdRS
KnCMiner.com,1NxHY3TJqXEzeU7mkWd4mnbW9hvzfmZ7vG
KnCMiner.com,1b9RnksAUvkR1VCk6s32KPzBDnXCtu8RS
KnCMiner.com,17L5BTxUEuqxSifnLRGZ769NKyBR3WhFpx
KnCMiner.com,1Ftghv3oW8o8qo8BkkCVUMxkCkZTKR7wz
KnCMiner.com,19oSwNzYG6piuPboK5jLWVXR8QPVwH4iRx
KnCMiner.com,1JhUqhGsrWxQvCpP2h4F2fi57C5SgfZo4Z
KnCMiner.com,1PWCFQ3FwWiNJ3cLVeQiWam4mC8LKZFWB4
KnCMiner.com,16aa6S1wLPCCr3rGBe8Fn57Bo3GhDSvMVy
KnCMiner.com,1ENFEYZzwiBxMroLk2wUgY9qWYSMtjY9G9
KnCMiner.com,17AyR9T4gY6mhMEuFpxoS4VjTp2J2Ngubc
KnCMiner.com,1FasD6QRjnTqDb6RZ5Q3HSaFUjQBHYqShm
KnCMiner.com,18LyFKXzP6zrpt6Rvh1G9k9qeShCL6Rt1P
KnCMiner.com,1GRMQ1nfsywbHpRuHrZTBvdT1Q5ny8ZL2h
KnCMiner.com,16V4hfkcGBhhbvj4CwDrNaBxHk6L62jBCB
KnCMiner.com,19vJq6Bb43UAyT2RaEUXaYCw5vF4yHfasZ
KnCMiner.com,1Gcgr78Hp6VLHmqeE9Qp4pSmdJqfNK4Pow
KnCMiner.com,1LCfjwo7kG7Zoc6EFaF16S9UoS3gGQ15kv
KnCMiner.com,1N52d2tfKhiALagmFVKKsBR1WG6n17KHia
KnCMiner.com,1EWG3MKDT7sRX7dq2u6AdMCNGcgEWjVNdv
KnCMiner.com,12yJbjXand5hEFQAMu2TVN5Kc23RtKFAnZ
KnCMiner.com,16fzGtgP45yr9VqC54XqBiVjNHdiim41Wy
KnCMiner.com,12gimSFzSVpWuqAgSTgjX4PyJ6asxaD3vx
KnCMiner.com,16VhpsuZero2PFeprmMkV8nkLXsK7VacbB
KnCMiner.com,18fa7c9x7Jrb2PEpPfxiXmQoTwuKRw8trK
KnCMiner.com,1cgBWfW8rUpbQY6zMwCSS2nD9SBwwjZSA
KnCMiner.com,1FRJqcX6ykwdYqweMq93ukZgd3rQc6jZEd
KnCMiner.com,1EKEK8YexnhVpeyGNBDHA8k3bTpaDXbT2r
KnCMiner.com,1FKZkMdnijEbHB5s8w9GadUmyg8pXD1TEL
KnCMiner.com,1KCLacyxy1JAyugSN6tRmwSDNgZHBMvAc6
KnCMiner.com,12qQDcMgzPbrHBFdEtmXormAzMojPB9diK
KnCMiner.com,19MDgsmA4ofgG9tPk1T8BVmzJtVuEuFhDH
KnCMiner.com,1Ehr1fgMSAe1z8eRSj5TCa23d5qTWUryAK
KnCMiner.com,1DE9Ay1ZgcxunmgxbBFjs8XhhG2qd8PeUR
KnCMiner.com,1JSX79wGAbqaJEQ5u2rp8XMZbyQTmyeaWM
KnCMiner.com,14Tm35whTjehWjPf6FwkmYevWfFkkNdibt
KnCMiner.com,17F3ffjWrrLXshmqmcB6gujJuH5LjPTKC1
KnCMiner.com,1AcQjzyp7n6RBajtbcut8oPhBvHmtCMW8C
KnCMiner.com,1LfbYEPMBohe6XeRm2ehont3fUDUj4TPVU
KnCMiner.com,15RQ5EF3Jux4uZFCX1XkrPauQm66zNNB9R
KnCMiner.com,189FHdYvCv4TcTtYvWxvA7PW2GDBeEmSjc
KnCMiner.com,138bGf8KXhCqgXzrHqfMQRftdNvZwYfWYd
KnCMiner.com,16VMp9fgDuBrJU2PWXMMfMb5aZMU8Bv3yy
KnCMiner.com,1LAvZutUtomgdZisYPajFbm73vj1suWabK
KnCMiner.com,1HJksoFbsCekXDx2LgCYgWrBeTqpwJ7Yrb
KnCMiner.com,15dSDMk8PAjFTyDcBgjeaU3zFduTEj9FxV
KnCMiner.com,1GRqcAUKtsdyzDUPX91YvYfgrmgoAUHNxb
KnCMiner.com,19nE43tkXNhNwrTDn4eHzxj15GQjtYDuPH
KnCMiner.com,1EePcuYiJSuLEcc4RVZhGC812rzgN8bWjZ
KnCMiner.com,17KEtuKEVo26B3kgr6Cz9K8XqKBvHvAaqu
KnCMiner.com,1FYhANqqC3zrA5gexLkt1F7amQSEgn6JJ4
KnCMiner.com,1Ltnh19AtPnR1C8R76xe23VXZYSNRUgSRE
KnCMiner.com,1t18t57kV7k7mE2GuBKhdMpw9GYBCLTf8
KnCMiner.com,1HXrwLuY45PPB8VDT9mCzRxDdJxT3xRdnK
KnCMiner.com,1PHYakJLfcQNWejtwHRNHtZAHfDTzSU5Rq
KnCMiner.com,16PeCT8g9MNqBAShs7eaBwS69xcVegJGmv
KnCMiner.com,1CgxJw3nGhmRe9pYJ73PoaHSxBuNag7PSo
KnCMiner.com,1AN2fJUaA8ceKpJeaKLzYr9GwMCMZxixrY
KnCMiner.com,19iS3pAS7cKh9C9Fzu3bF5kQSziGJd7yGg
KnCMiner.com,1Lm1dpTqtmJq6rxSu1YBn8KMxwSgR4ttAk
KnCMiner.com,1969apxpxb7mvPnraTwG5eX9GVD8jpyv9U
KnCMiner.com,1HqHXbqRADJsdzpQwKakZxsuazTHkNQMcV
KnCMiner.com,1Q3GwYzovU7yKD5wNm3wUyBedUz91zek2y
KnCMiner.com,1Hj3FmRNaxSj3jmHoRmTRzJ1yyA38r84vw
KnCMiner.com,1Pjus4gS6sHyckbcn8GfEXR73UDQEHt4sL
KnCMiner.com,1BuPfydHCm8EDcaXk9NkiPeoHQHMYMTnxN
KnCMiner.com,1CWHumekndRxskYtKnLz9A9cboqgRZmPvE
KnCMiner.com,1M2xvgefM4y47g1zHueowbguEgaJbysfTU
KnCMiner.com,16wM23JM5beKwqoLzoWS2cYBFkzrJ6uUZ7
KnCMiner.com,1F1sMREos6LPqAgRRVCWrWG4tuCEER9H44
KnCMiner.com,18XSHRf7N66aRLAswbnq7Mcoa9Ry6VSUsD
KnCMiner.com,1JyPVZJUszsLM9SedZ3zX9Td5RPxHjBVNU
KnCMiner.com,1Mbxx8PgrP7fFjtHzN8m4zSW7xvqfjrZbP
KnCMiner.com,13YWetMqSw2L1Z9q8ngLwDNth5g6s5unqW
KnCMiner.com,1AMNpydGiVVmZZ4jCkKDxBAFygYpgeywwE
KnCMiner.com,12Y8HKMTfa9hn1MrmjVfY4EKDssxqgyxzu
KnCMiner.com,16xCfN9fVCQXz5FHPQC2fptqtwTwPSBq33
KnCMiner.com,13piT4DakPTPbxTZ2ZGtSzEstsDeCbHi8W
KnCMiner.com,16xcYr43rweEWk3cPH2TjuPo2CNKSkVCzq
KnCMiner.com,154QTuLdCQAiWhYbmqQdj4YSZu5h6YXTrU
KnCMiner.com,1HYnu52kdHaojCckr1Hwc9Q8wNu4owKvab
KnCMiner.com,1Mz9uaXWSQ7YDePsKwHpfdhofMZYs6Zg6S
KnCMiner.com,1CxqLnwdsDoEkBBa4BrTHpz9DdqJor6wFY
KnCMiner.com,1QFWvrSbUc9QdBD52qWA543yPadGXcZUDT
KnCMiner.com,1BPiEuLqqfeKyFEgBPKTGGaDmMNw8CdVur
KnCMiner.com,16WMTDpP8gAD82WsHNP4MeyJwEE57GprwV
KnCMiner.com,17tbWPt4eyU9fZCGmmrTD9NPh7pzMAwXXw
KnCMiner.com,16k8r6mcFroznbdXUy67s5pebNN6bHP7ao
KnCMiner.com,1KW4U46sZAkxEN5UHiR7cgCgF1JHHZsK4x
KnCMiner.com,18P4wLPpkGBpf54kDNESCWm2VGMqHEbBzQ
KnCMiner.com,16wGhbYYfJfmX1WcddjWiUSw7QihYLjNrb
KnCMiner.com,199W8sTJ9hXjFqRLtb5KcaPnfHf28MuShE
KnCMiner.com,1BPck7xZWPzvzmMVRjG2Jk44MMKLJg3411
KnCMiner.com,1PkHD6LH1HAsEnYRoBas2oXvUYQJDpwRgd
KnCMiner.com,1KRwBrvBxYPAe4YoX9psUXrYi3JW2wHtQZ
KnCMiner.com,1KttY86QJWbvs6HgUy9ggvMqAWK2Cw6m8W
KnCMiner.com,1P4kNmWSBhmAQNqzEMRsQSPhGfvCq2vSC5
KnCMiner.com,17FmZ2oGjEnAiyQtcM1SfaDX4sYCqb4p5L
KnCMiner.com,12f4CKc5b2YDFMXfYeEju272Lj6RfQdt7R
KnCMiner.com,18cgvdLmPUu3eb6LNsCjy6hbiXbeebCBdh
KnCMiner.com,19Me4fFFWm9vDN5s42b5AX5Avwp8sYRGYF
KnCMiner.com,1PbxXxVnfvkcxrstQtYTJzZXWERAvLSWrY
KnCMiner.com,1APaDZQ6Um2V3DHaLv4rXrZyJ9dpJdhsp6
KnCMiner.com,1LMELx4MkqgvEVgoTZDFcnA3QHk5jJQAjo
KnCMiner.com,1B6rHp7BXLtx8M9YSKvjg3repkaSmYiwBE
KnCMiner.com,1Kyq8FNNgmH2jHp4675MCkjMaqocCxPbHT
KnCMiner.com,1AroMAPXCJaCt8DfKtYKiRFZE4iL7t2pGY
KnCMiner.com,1AuHefy5q4LAeBfMHcbsFNSNj4utjny31Q
KnCMiner.com,1BsVcpeRs9karbb2JGvACStXaRNEGhwJnX
KnCMiner.com,1GEWX5pEEYL8TJNb887WEDyT386mvLP2Zr
KnCMiner.com,1P7P9Hue9ofZWXuUTAcDpVyTrfnH8iWg4k
KnCMiner.com,14FeYMSGiGx3hY8yPn6M3Qxve7LT5Gxvhy
KnCMiner.com,1DobDnv71zVjwxhUq77WkD7CFw4G4xzFag
KnCMiner.com,1Gekh9rGUTDbaKv5pCLbk9LYugCt7g51X6
KnCMiner.com,1LpJR3HY7cTxZKsPJiXGxyTtrzJKBhPrqY
KnCMiner.com,15omt5yEeQQcfwiFvYLERcZdKdgYumUTcM
KnCMiner.com,1GTGpZrCKFbiLxznCS9tzVQXXvngKzRwsp
KnCMiner.com,14QJy6HfLVUnxnSmFdwvETUgJ2StMk9f6h
KnCMiner.com,1GfXVB94CKbFVQtVVp2Uy8cY82fQshicVX
KnCMiner.com,12ix8YDJk6SaWVfRBof1Y1QBSHxZ8SV86k
KnCMiner.com,17bwUCRvLfCrfKFKgkEWnJTutwKaiwHChq
KnCMiner.com,14meFEc6ky2pkCWTBpqXpPUMagcMhLCjfe
KnCMiner.com,1BjwiK82mauyszfnpQdSDSVrzYv3xVZmoW
KnCMiner.com,1Hs3kh5YjRUQaAbdUkhnh9Stj3ud2Uv2Vi
KnCMiner.com,1JZvxwZTGEV5vEYppoM2kQ1tMFvw9SYiQs
KnCMiner.com,1Gi2ntFbFKYJ7zHCAQPdXUXotxntNX1awQ
KnCMiner.com,1PgJZMZC6SDqeqzaGR3koqneBvQhjiaAor
KnCMiner.com,12LgwK1kqWw3i4TduKHNL2neixZHZ55hY6
KnCMiner.com,14XbmPna9vxCYGhY6surL1uKxx2SspeM4S
KnCMiner.com,17rXkyYmBSHnFoR6oq2z8kHCQbVe6PGH5b
KnCMiner.com,18yDSDoRsjANpmkU5qn3ua64W9E6qYo1cS
KnCMiner.com,1MS4Ano5WEjfJXKoj2PL4efNjXYt4ftWJJ
KnCMiner.com,16sYbjicQykaNBtowjXJdczAk6kUKerXkD
KnCMiner.com,1GjWqFMuiQZM2DFuP2KRKKjHrow3ks1uvv
KnCMiner.com,1PkkbhFDn8Vj9xpeHYbWphC7Pc3HSpYMmu
KnCMiner.com,158NTETWcmV9SdowNp3bLXuTjJLDGjaNx8
KnCMiner.com,1763vPchUrXu3JWRSJsLdVntfkzdfE4ESu
KnCMiner.com,18ECJsboPHHm2wJE7W6ZxFCGWFaGqQMyQC
KnCMiner.com,1B6gZNsZq2SfyAtSDde4hUELcJnGnMeaSN
KnCMiner.com,1KBBQZQED67UdUfhXydB3DNFc5szNB6mVi
KnCMiner.com,1PF4tbW2ETPpseSBqLfNU6Qe5wmtF3LL3B
KnCMiner.com,1D1inSEXXBX2A7umo98i23EsVv4rKeuNnC
KnCMiner.com,19WGoxb5t8gWAmTXUhLrrFhNmWxnG5zQVy
KnCMiner.com,1DcqVYh1YE3fZteMWhEgHQp9No2sNBZGyz
KnCMiner.com,1EvnW3haS778W4tni95dU5K5Ky2KquNTHy
KnCMiner.com,1HAhcAE5pRmwofLBVrRsvgmW2A1f4hQa3k
KnCMiner.com,1KL65YFHCLVzmAiSuQ8VjonjMARScmGgy6
KnCMiner.com,1KvXK8JFvEEnWGMQuzcAyeKponyGSk5HYK
KnCMiner.com,16zvwfD82QeFEe1SFNDfXydbQtR12FNqD6
KnCMiner.com,1JTdjJ1NckRgvgVJNNn3nwPKGDhnfeezUM
KnCMiner.com,19QdBrZNqKqM8j3TMLQobHvP1iKeArApan
KnCMiner.com,1A1BwyY878qoNQdsqsLwV9tptn3faV2GhK
KnCMiner.com,16hZJcXmCfqXr9fQHgC9UmF2gqmZpnGhmf
KnCMiner.com,19FBAz73EHkfzwwEq26JFi6nzJmpQ2vNN3
KnCMiner.com,1AmsAXJpsqu1DzukEYXay59fdX9KdTufUQ
KnCMiner.com,1HN8pz7gU3mETexMiK7Rxt84na67iBLnVZ
KnCMiner.com,18nNTnS6CJ511n9eEYTxUyWXAkmeinSfib
KnCMiner.com,19EaSsxFvPM7U4FdbmmyufwvEp4tBrpVx5
KnCMiner.com,1EZLqddkrUJqk2Uqyo6qRSK4T9BW4AhVk1
KnCMiner.com,1HJqUgvFMfTguzEvjeipKbchEJDbMPMkeY
KnCMiner.com,18hBN6N85kzqc26PKgJcdE29dtBAUK6xvR
KnCMiner.com,1EE3BQ46guv6J9FPTeowCmCaw5FRVY2zYB
KnCMiner.com,1WvFrHb5Rq6w9kReX6WMsBRbSRRrwWt5P
KnCMiner.com,17DFF5Uixh3DLRFgqv9nEBnZVQvDgZqo6D
KnCMiner.com,1A5ms7aNYnXHo8anjtfmMMJPVk77gPmdtt
AntPool.com-old2,1Mp3atombUR6iLLYoLEdN9uPfPscsKBXfi
AntPool.com-old2,15uJubohqL9sm4uPNUcbiabLG7J3mjzfZD
AntPool.com-old2,13uXbcdbnmap8K1BuoUchUrxbXvYNJULgq
AntPool.com-old2,1GpNEJs7u3mZmcDGEyjTTH7RY7HiYoXyNk
AntPool.com-old2,15GkaQNU7eHTJinRCBdaA7XUuUnEV1DgCk
AntPool.com-old2,1PsCQgpSvhJi3SBPHsaff58KckUGPTj6ZT
AntPool.com-old2,1D7SiA31KdcV3oEDys7nSJdnfUqLX16XLv
AntPool.com-old2,1BD88k5dCx2SUEKudcJUTZEyZ2RQMrBX33
AntPool.com-old2,1EXvnuRqFeoWhT91KbB92JrkVN8HzwdbMj
AntPool.com-old2,1DiPEWais11rvgkNrXzTp3UZ74ePakukUS
AntPool.com-old2,1An5nHhKrtGiq2NduqcLfH93zQvUqKPKPz
AntPool.com-old2,1VPPQcE3WpboCdBNhnibLSJxCPE1oF4fB
AntPool.com-old2,1PoQzWXxQ1k83b1XPEduHQ6bTRsPpanY3G
AntPool.com-old2,1BWp382mahHoStnPYTuGJB49GW8JU4EEH3
AntPool.com-old2,1tPeZg1qUCAwu4k4U3yTGNBKEqtv68TNj
AntPool.com-old2,17KPDZmFBaLXUHQtsnykfZF9yBar5HycNy
AntPool.com-old2,1GMNKWARj6yn88sjtRhZcd8oCH8uoz18uk
AntPool.com-old2,15FcVKz5se1sMg96Et7XvapUccHZevtRJq
AntPool.com-old2,1CaCLHHGpL4VeruJX7VndDPNDLk3qvwPBv
AntPool.com-old2,1JPBQqQnjpaWtrJ7MA1e1J4z9fWuDjc9wF
AntPool.com-old2,18YxppeT7kGhhBAUjGbKQ8ymthgwTd5m3Q
AntPool.com-old2,1JUD4U3DJtG9sVapWP3c1JPmm63nJsxrR8
AntPool.com-old2,1HrvEKt73ztH2wFwVWYf695x2M5KFuUdHT
AntPool.com-old2,12WtH8Vu5CjUBmzjhEmdZXHJVGErozw6my
AntPool.com-old2,15kdTzYvj863JiiBVDzKby5hjq1k9dwiQq
AntPool.com-old2,1FyLWeFe9uXFK418sB3TRq3Gt4D2gCoxt9
AntPool.com-old2,1JJ61nLeXXNCb6uugUnK1Lu1UD6ztuyT6F
AntPool.com-old2,1JoYzh51Viggty1onUzDaRQwwbuieUcDMZ
AntPool.com-old2,166CkiN4AjJjzw4o48gnBFoHgEwaSqJ6on
AntPool.com-old2,154RhrikBcSCG7Nt93SFwE5PS7Uyt6TTPT
AntPool.com-old2,1P3EX99NvyNuCHewptWAxxKj8p1eaKYVv2
AntPool.com-old2,12Un7iWX1ZrCVYZjTrKv832aQGVn2Zc85D
AntPool.com-old2,1276MoaUwQ1XZXGSqFUYLfoonW5bCye6dP
AntPool.com-old2,17NDjYXHpu3uUmcwt2DBtTmiRRy9Vpw2Bv
AntPool.com-old2,17xcZfUyeessof9QFXLsFDFM7zp4M86EcT
AntPool.com-old2,1BSgJSYxhkrBZJEqDhhSZ7gQyyHPFfE1px
AntPool.com-old2,1HGqNjL5vDo219SXcJ9RwzbQ2pKmBrTGu
AntPool.com-old2,13STNN9kDMFiBV2WPfkLMUbmtCG35znPfF
AntPool.com-old2,17arBTpdbfSPjPjB1pE7dwA4yZ4Qst8oa
AntPool.com-old2,1D8LpH7zb4qbp6UNtx1bZyhy23s1GxEzep
AntPool.com-old2,1HExfd9henTjoHZhEKxuzQoLsXALUmKuiQ
AntPool.com-old2,1B7otCZdzVVKDa4r8k4QMeup2zd5BSBUdT
AntPool.com-old2,1HNh5uuzxURKsLQkp9jgGMv2xP6qaNoCqm
AntPool.com-old2,19SuphSEomzwxTEUiSdKGfD64z5Erf5pV9
AntPool.com-old2,1GTALa9wH26ADG7TPd9s47fqGp5U6d3NKp
AntPool.com-old2,12z6q2NATENX1VJvarQCzWuk2HuM3G8Xpo
AntPool.com-old2,1CPSinPm6TEk3z7BQ6qTt2fa8pH71wi8XF
AntPool.com-old2,1D2VyXwzphKUDgX3sGXaz1m9wqaXxopq8F
AntPool.com-old2,1FfKdZtJSMcZ8TdXCXTktGsnq1VfxoHELS
AntPool.com-old2,191ZUuXzuWTSZmEWtNWpMgMvMUTpgRcPLU
AntPool.com-old2,1F8XkuFbUEqQ3FK77dVaP6WZW4k1UeQm48
AntPool.com-old2,1J2AuX1zhaYoQpTMQ2uUsKuhDUJgEHaRGx
AntPool.com-old2,172h6cm47VjMaN8LBhpW6Ckte68GDKGtr5
AntPool.com-old2,1Ccy1J16SnPDXHGzzTUV7D9Uk5KTAjRFzf
AntPool.com-old2,1JHnd3XaZToP4i2RTsVfUvgBszq4JUVdqN
AntPool.com-old2,1Q9qtYBxi4Xmq83NUive59bzHiyg6CXHdH
AntPool.com-old2,18SLsRNqaRDsVPbLQ9cme5vVoEpp7VS6FS
AntPool.com-old2,18czGCvzqMpUXrK1pm7gn9DMfXAa1qyEdW
AntPool.com-old2,1KQFtrCeZXkLcehVmoWKC36K2Xys9RBYJ8
AntPool.com-old2,1UYUCByYA4iNjLJHg4i2UET8rCZqzBTKn
AntPool.com-old2,141DeFXNxUPCtpt2xVPXRmXoimwK3fdM5L
AntPool.com-old2,14x9LdgZ9urKWAsNSPxXbHKeRm84mC2PAo
AntPool.com-old2,1H6RsrWq3TreWRD2QFvBbbBSz3BjBnyxa7
AntPool.com-old2,1A8zomVexZhC85Q9JZvwXKhoDtVtx4RXDL
AntPool.com-old2,1MQf2kkbL2FpviJuUcXGKXUn9L8ki6edzm
AntPool.com-old2,17cyo1PQVKeDGde8PRVfmYmnLgLDc1AGPs
AntPool.com-old2,1HN16cGoK6ybt4ZSf8AEfnmyjcYoREkTXb
AntPool.com-old2,1J6gX3mUU8z7K8CCfr7kmAUQXp1zyXJEjc
AntPool.com-old2,1KwjJbcxcshpdv3JWn9RVcwKbYWSiUiAFj
AntPool.com-old2,13SeuVo8iKaZv9TZypmCobaxv3YyLeBNcd
AntPool.com-old2,15U7BPwXRisaHzxUX2tCef39jsQ2cs7Vfd
AntPool.com-old2,162SwteLDGXPoNdLoNQP3kbRr1WwSVnL6N
AntPool.com-old2,18zu6CXmfHPUygmD3mUPKgw9SUi7r9v8Uq
AntPool.com-old2,1MjYnNV9zw2SFj3P8iEazjnrZ2iLebzQM5
AntPool.com-old2,1PJqZb5et4PqAV6vrcM69MXmVbwCcYdCdP
AntPool.com-old2,1Pn3vuvHADsm2EhRzs8MP8b8kresgQsSdx
AntPool.com-old2,1b7XPoaLKDwfBydB4XVtLWx6PusSQEn3d
AntPool.com-old2,158rNdYhwjeXeBMCrBawC2dhSQEx8a7Vyh
AntPool.com-old2,17GCaeMuNCScgfhfGVgbdbr2Wye9MGnRHx
AntPool.com-old2,17y3mCh9bkYeyDHdquRhfpfyU5eUwVzAje
AntPool.com-old2,1D59zyUfGsKRsNCTVpR9uJrRqx3xeSZP8
AntPool.com-old2,1E63E6caqfMfvCprPxM3kYnrexUfaswci5
AntPool.com-old2,1G5Gykamp1EoFAZ1VAsPobCA32EXwa2xjr
AntPool.com-old2,1GwdPcvcq7QP2AnFm2e5CvViueC2fPYfNp
AntPool.com-old2,1HepVAbzSJTrjBVX8PbKRrhQok6TNin7CM
AntPool.com-old2,1L1KAdooaNKDhkp5pjxp8gbNJpdQLNk5ym
AntPool.com-old2,14ptbgTZ4db7m66yZ3YPgwLfZTB2BY6BRx
AntPool.com-old2,16goPMvbZHh7TtbdPSM44KhRvMUWUUKUH2
AntPool.com-old2,1L89mJHCjoGSsuVf2jvBGfvvf38wCLEub4
AntPool.com-old2,1NeFFYVeUSn8gj1GFh3r7Wgtc6fyecU1WK
AntPool.com-old2,19QX9fSQ1QdmUiVVdmgyrQVD5ZxYMFaX6C
AntPool.com-old2,19ajXMxtAKp8urJeFesqpjDLsaugmzRMRd
AntPool.com-old2,14FVnutADP5MeXao462Qi8Uanes24G72vy
AntPool.com-old2,16jA9obzTKNdi3nuSYdV4NbVYmA52zYsRs
AntPool.com-old2,1BpX7Eec5krMVLtiPtBuWC97jvs8DGECgZ
AntPool.com-old2,1EsgRJ4DvUgHTU3bF23TsxCMwJsSB7VT8s
AntPool.com-old2,1GzeY4FHRUVRHfhUuypQaUnYkGkjrQhndr
AntPool.com-old2,1JAFYnbdEpuxHtqmDk9qJBGbyFiiNEpXpr
AntPool.com-old2,1N5Q3G9VwyMh3SA284hNQoGo11QNu44kHJ
AntPool.com-old2,15WRVRtRSEJWAvSCMBH7PpDC4NPb6mXBck
AntPool.com-old2,1FUf1nBWKMwmHdvg8s8rbx6iyfEmDGrr6z
AntPool.com-old2,14VTeRHAt5WdAhbVdBAn8sH3wM7Jxg7Enn
AntPool.com-old2,1DPufXdYpvbNUBxJQaJ6NW5hQKA1byGan3
AntPool.com-old2,15yJk4UsLCH9qmAKFLGrSfRrdSNm4Tv7Au
AntPool.com-old2,165nwGkVtMERrCN9jpz53CgAS9bT3GxViK
AntPool.com-old2,18DFuYCTZN2LqgYvTXCYw5KoY7e4QWkZRL
AntPool.com-old2,1Do6rE1UmTbWyA6fh4EqogVfZUBPQ9Cn62
AntPool.com-old2,1LGDPwfbuYXMLAyCHz4uffnL9r5ARd6zTq
AntPool.com-old2,1CiNC33oTeUdWSLomTtx9nogfZz1mjVNdL
AntPool.com-old2,1EohFJYNKL7mDK2SW2LiCSgswYpdxn5y4Z
AntPool.com-old2,1N9Gy9PEbnLce1hAs7idzsgAojuc6HmfTQ
AntPool.com-old2,1Eq5YcssiaiPrDK5RFdbTAcvEQaQSzoHKn
AntPool.com-old2,1JqmoJMT8h5vH54fXPJ3GmLmAscNoRCTKa
AntPool.com-old2,1Lni4cMDpDgDHmM9uRbP5Lz3sGSZS17ZaA
AntPool.com-old2,13qCx6aaMDUaLttrzDiCPFqebUsiAYBRCB
AntPool.com-old2,1FPPayqzcyvNLqJyfXiM7oyGuKMFb7A57h
AntPool.com-old2,1Bz3X2oqn1HWiucpeRgvTDdscZir394zDq
AntPool.com-old2,1Co1ejWPbegUag2kH6NJPmGzJsXZ5VaXPw
AntPool.com-old2,1LMRc4YmDCdS6eSZqxKCWc4CmHY9hSv6yw
AntPool.com-old2,1AsyVebewm4iWpwNKzvTsdhNUWpTPWWbKL
AntPool.com-old2,1FsLTE5zVgMF5QXfm143eZVq1CKRQRQYoL
AntPool.com-old2,1HJiv3cF9Gq8yntGZxEh7u6Td1gc3fehkz
AntPool.com-old2,14MBc9dBT1fDeD5tC5axq51qQw3bpF5AfM
AntPool.com-old2,13cKb3RwCz5pFe44Wi3SXyqTqMU91KLGHD
AntPool.com-old2,18AFN74ok3ranggcyvkugJfX7fznHsFTZQ
AntPool.com-old2,1GVwFEYfWxNq5ZvB3q2VPfETqKywRws9iP
AntPool.com-old2,1EsLkUZEWDkrFBHAdjA7arug2jSZLNUbov
AntPool.com-old2,15qKCMTNj32obgEoECeF8w2wdjeuwKi63z
AntPool.com-old2,1CVtmYxrM8K6F22USSf73GMLFrymAvzAnn
AntPool.com-old2,18pNgRJjE3WaU7jSyn8TqhVxcA37C9Nu4n
AntPool.com-old2,1DXd3Vc3aZmzui6FScworx9sETFQDQRw2p
AntPool.com-old2,1FBV1CjvodFWDTvbnUviZpZ7h96QdLUFc1
AntPool.com-old2,1EvjepzDEiSNjf5uzbKkosNztAsHPBQkta
AntPool.com-old2,1KW3uo1T4vAZScu4X32eFPLH65hY19KGwT
AntPool.com-old2,1KccYDkYUgsSZxeAhFHu8t5nJh1m2DL9v8
AntPool.com-old2,1N6DHqdNG3URX4GQ8SRzeXg2h27QQdyrZH
AntPool.com-old2,1QJNsGmehB2Q8GpnFUCRjveNQ5ePnqnczh
AntPool.com-old2,1JSUSLjRhePxPK7TvpDzg17x2fPcaVHo6e
AntPool.com-old2,1QGnePvaE7Hv2zH1GH3hQUr5tnnNcHwwjF
AntPool.com-old2,15qiqaRxbLoQZGeRnnLLaLAdWtp2PMrDH2
AntPool.com-old2,1A8MJhZUEQ4Lafw81aCL45cXB16Z6hevop
AntPool.com-old2,1LJPTSukHPofGZvVPBw9uP5xcVRkoQ5KAU
AntPool.com-old2,1LRMteeVSote7Ed85B9XDgRNV8v9su6wom
AntPool.com-old2,14huGS3jaDVVQdp5p1c5q8W2r95G8hEQt9
AntPool.com-old2,1MixkMkSUcRHfzfpPRiUzwoi95KrkTN5Kn
AntPool.com-old2,15UqxdPhnWWnZGpt91Yxm1VBLsHcExRPnq
AntPool.com-old2,1EAfgCa9pdQXc5TzGBrhtJP6uyuENLwYZ5
AntPool.com-old2,121V8fuwrbeAymtm5e7taXToCE2cNovJpQ
AntPool.com-old2,14MToyjwZjNShVZrrKyEzv6aK9hVdv9W5J
AntPool.com-old2,1GeH95d7VgPUjCsiEuYzS3iEiVWcsmFijn
AntPool.com-old2,19pucZ4oaZP23RFS48varmmeYf7KHT6zuT
AntPool.com-old2,15tuVizApkS2CurskvrfQ7Zi32A4Urjxp3
AntPool.com-old2,1ACsBvuJXba8yX75piv5RCDXtbrxFSp5jX
AntPool.com-old2,1CX4ooDQZVVSN1p3ST8SLNavgNoDrnPLVj
AntPool.com-old2,1LoVkE7GWTwPzZviebwV7FpUyBSgqLUbjL
AntPool.com-old2,19jB7kErWy5KpRBweU8diL1Q91oHT7Sb6n
AntPool.com-old2,1LFEutMcSZYA3fXcfHmo17aGew3LtfoHaR
AntPool.com-old2,1DEH849uocAtbU2bByzd8nxqeqtzxDtAmU
AntPool.com-old2,1Dm3x5yPsVQGGa2iCCJkQoMvWcVdWqxQJM
AntPool.com-old2,1GEkKcdfA7LTkQthg1QZFyVGmdeJQxr7ET
AntPool.com-old2,183ZxJRBjPoLud6j4KSXhDFbsV7PJ1vAbA
AntPool.com-old2,1CNahYux6XEkJvoSQKTPCquh3xpp7N3D55
AntPool.com-old2,1AdSjV3vom9zzo5eeuGx7B5wTuVq636bAi
AntPool.com-old2,123bc6V4sDrN2srXHDzstF5csqdaQmU6hg
AntPool.com-old2,1K6SD8gvFnqdgQUnNAMfAJpWTPyB7XahWY
AntPool.com-old2,1LL9S4EJezKFwZHGaXoAr2DdmxP5NiBqxt
AntPool.com-old2,1CDEsFSa38yjm63io857C7WqV9hiCR8Yai
AntPool.com-old2,1F3NMpgWq2k6Vx7Mk8gSPUZ34a6giCcZMN
AntPool.com-old2,1LsodpffRjsyCURBHRD34B3uzQivGN6H8r
AntPool.com-old2,1M7kBt7paQmC4svqJMUZ67GNNuN7RTon3e
AntPool.com-old2,1A5pT5sLcurvSsn2nYkEXzJcP9Eiq7dGHN
AntPool.com-old2,1G8S366EChz7k41yGne36WGwQ1FgTTYv5A
AntPool.com-old2,1HGVmHm16mH5bb63tsZUADQTbM5mWeDRtz
AntPool.com-old2,1LCdNXcfpDPZ8xaFgJrhFRGsREYLgWGYRh
AntPool.com-old2,1CrXhorwCSSHMbcLTZxiFzGuCiTDapgGVP
AntPool.com-old2,1MwCFh89kWmiWPUZAXxhJqzxwyBFcY9tcb
BitMinter.com,19PkHafEN18mquJ9ChwZt5YEFoCdPP5vYB
BitMinter.com,1DigvDaF9s2UTgWYwWwoNSDUkRktwqLAxh
BitMinter.com,1GUtd9SRKRC8Nd97k3jtXP6RJmtMR6RJp6
BitMinter.com,1LP19WvfRvVFYriwgF9dbuehdu1Lr8r6n3
BitMinter.com,1BnJQtF8uMpjedpNpPnFzm2qgTJ7ehUVmE
BitMinter.com,1QArtYfkebaopYkseRnonCPYCFFGDLwTb9
BitMinter.com,12VzbxbUKs7gQFnTfQQzGoSmUJUhuDaZzR
BitMinter.com,1NJrrs4FBkMo3yxrmEKcw27DW8tQLq98cc
BitMinter.com,14gG6grrowemot5ZbL6Ej6NpJz8uBqrXQq
BitMinter.com,15nkQ3SiMydUEgprRJwbS7ohAUATTkY1AU
BitMinter.com,1ESVHUz6j7dvUVZWrWZ1gzvQMhfPXScBbw
BitMinter.com,18qAwVrgKtDmVcQR62XN5kehV91kKMFQgM
BitMinter.com,15bdoCWCH8HGZRyJWjHgD2Jgmm4amampgt
BitMinter.com,12fESjK5i9frZxHWHNmHdRYc3enCVXcpqv
BitMinter.com,16EvuR9JLhyjUVT8KqyKJpgDs7nwii9ada
BitMinter.com,1DhhwbspXohhLihguV2BmFXZytvzfxe29t
BitMinter.com,1Hr9j3xdJYKncxpVrWwjRzjyrxvrwR3gcj
BitMinter.com,1G3BxC9zfcn6bpn8fqV4p2pgYhuBEWy3vR
BitMinter.com,1NyZRPLRtzQzhaCdZhjBkbh4FMRqbq1rf8
BitMinter.com,1BFeQpV6BykoVk6JuEq9wzE43TeZEFuFXv
BitMinter.com,1BWUcGQWM3r5s776hLZRmwkhXWoAwoW26y
BitMinter.com,135XE2bWKh2Z51L6LASgsJAxkf3LQjhSh1
BitMinter.com,14ZDXsXtAtzM6LgNuXrx4QMvVZPwRUbHBP
BitMinter.com,1M7jH7aJ9u42vFB3LuTajfBJQNTDiahuRk
BitMinter.com,1Mt5uwddeNEHQdZXuZsYkCKC3Q6DS78ps
BitMinter.com,1CFBKo7rnECvHMK1SKkqfkNWr1ptFwhKJu
BitMinter.com,1EXHHv3fjgGy7M3DGNFHPvVic7JVK6rgqu
BitMinter.com,1HiebUSP6NbvWwJKwoMUnVXwP3VR2ssrVH
BitMinter.com,1ChCddaXNDhP929eaeofHPg1bMxYHrs5dT
BitMinter.com,13gZhALK9Q3ipBybyVxxYG6vf7C1eJbfKb
BitMinter.com,1MQT2C2gYgH2DGGq6FFmjhhUW3HPWWBddm
BitMinter.com,13GuWBJe2KiWBq4xKpTQH2p6T3qHoJ4mpp
BitMinter.com,19wRjJMbH7L7BEBohCcTyNUdpZVF7uhLjy
BitMinter.com,1N881NoJZNoAFpZtFJ5tXvu6cVyyX6ckTo
BitMinter.com,1Ekn6iSLXzJb3FmAci4Q94TrvyFKUqdH2B
BitMinter.com,18q7HevrSNcEo3TJv86dNfwEmEkHwqVZRW
BitMinter.com,1CX4FLvkLDYR1m7oUdBL5rNwWTtZgwy15d
BitMinter.com,1C7RjC4Qojapj6nCwDPqKr7qvidHtBM22o
BitMinter.com,1HndvU8udwJK3QeAUzE9nFahbiRVKLZf1N
BitMinter.com,1Gn5jnRu2F9Fc4urrcuH5xfqfTx1nvULc2
BitMinter.com,1MiUoxcN8N7nwqxVxVa1NkvTrVjX4YHJXJ
BitMinter.com,18tsH7yi16uLP9XUHrXQgGU7F6tpVRYR9M
BitMinter.com,1NNrNW9c1hLVrUUvD17Lk1JymWJm7ZC7yx
BitMinter.com,15xSeEGRQ8yFgkD4a53UURbmnV7hpdyR2v
BitMinter.com,1A8c1cgKZxh7A4sDYp9CGyhJirjaK6Nzkm
BitMinter.com,12oUEwad39ZC1sJ3wMuYpWPEQsyodryvfG
BitMinter.com,1LQNQhwk5WSSQ3uFfzkywXitrVXn1myNC4
BitMinter.com,1H8MUdu4LWZM1nhteBwnmpBNH8eCJRnGDV
BitMinter.com,1DSbUPU85cZiEov32tQ94Ca8mqqyBCHvB4
BitMinter.com,1LGEEEfFCih5v3CxyptFaQB6xY4FJscTjo
BitMinter.com,1Cr1uzB2DKJofi9FfQygD2LA5wRSVAf4jT
BitMinter.com,13Mc448U7xaptj6J14z4CFCX5MuaKFXiUo
BitMinter.com,1LD17skQDy6Tj9inak8dToPnqFLKVAwJvf
BitMinter.com,1PATtjnRxvQFKm4GD1CNAEdQQyEzhPNfZY
BitMinter.com,1B9VFgpkpmtpMCt5XvVzqZTh3oiUWcGS1x
BitMinter.com,1DnE3izYWP9cW9DNkBE3nqm8rsu2nApA5a
BitMinter.com,1F1KX1N5MuwyRFLpp14dXULxexeGa6VQUp
BitMinter.com,1ELYoKRQp1EmybobTeLF6JGL1fVc4YZQme
BitMinter.com,12A6fv5fhDQjGqv7NP3zyxLi5ARKmwZqYL
BitMinter.com,1F8P7ryLWxAtbZiPjbYm1HpscvFv7vyq4W
BitMinter.com,1HwDCin7Y4KebmrWDzctPYdo27PU3jMrSi
BitMinter.com,1Lmqs3b8JDoX7TLh3vNsoz5JDdtRTZwTAr
BitMinter.com,1KBgC1MqPKnWJjrCvbX9QJ8DwGCVD55jV7
BitMinter.com,1JML6uXZ8RrYJBbZz8vuTuuzZ5QRa5tG1G
BitMinter.com,1PHcjqHCKDTnsKKC1z3hvsqaVgGYKuQUG6
BitMinter.com,1PSzeH3VdZjjMJvKSoEf7iwTQKcwL4pJYp
BitMinter.com,1MWsKtM55evuxUcSHhemSq4uGPoAP6ecWJ
BitMinter.com,1PTNAyzrZFXmc3KAhjARDuLFLF11W69v8Y
BitMinter.com,16TTucwW1vGAiCtYqKSCpGfc2thVajR6id
BitMinter.com,131Z6qtkzTNJ2esVnGoTmH1GwqMxZHePGr
BitMinter.com,1Nyu4v7NB2vWmWoXTC1a4iDqyrVdGDxPLK
BitMinter.com,12iYkVngRNT9HgJJNLWy64eXmyVxW99PyZ
BitMinter.com,1MV5g9wZBYRHk99EmresmwNkCVwudpFNy8
BitMinter.com,1GAgwP9LhR2Qryzc9YJUw8dXWxAMjdCSDC
BitMinter.com,1GRsFVYT173mNzL5UoSKf96TXvVqqDWag2
BitMinter.com,1F4MqibvwkVo1QjQsQL3FXRxkKUMygiqQ
BitMinter.com,1FfjfMFSFFo3WTsTfPFHWeZEhZepSdk2uZ
BitMinter.com,161R5LAxcfQPS2uSXrK7rHc97UfJbTNgEE
BitMinter.com,1AT2q4k1zXUnLnkEGsaHJqYkUxM3gjyKwr
BitMinter.com,1DXg3Z3XXwa9dJM6YMhWyr8q7UtHQpCUGH
BitMinter.com,174YHUxzT7LR7ENY6w6puPRgc8zMmmwpcS
BitMinter.com,1Dq8hP6uhi7oPaYrMgo2bJsNJeJSBp7BL9
BitMinter.com,1JyGiLVXpBYM1yhL2qDWqpcmTB2W3r9Suu
BitMinter.com,1FAZYNzGcKZZYC35Ju9a8iKoy8tLDxxcNK
BitMinter.com,1MUCWGBRYvgPXDryzrvKo5pAmbkzK3bd7w
BitMinter.com,14TSgcgT5gmPDo1nofE6py7pdQhdffhMM7
BitMinter.com,1Keo7BVJNVHgJRJh64Wmwo1MRKasaw9Siy
BitMinter.com,1KjBfCc2zFF6Gdt5iEqi1zTTqexrapnJ6R
BitMinter.com,1LvSiq2vxhLZAGXsnvyfGs2MMeXgB2FPrG
BitMinter.com,1NpJ7hhBo2K4rcPfHbotD7bQXYvS3MeYBC
BitMinter.com,1CSyEkQ5PRBzpebgmo6A7kBHTPJbfooBrM
BitMinter.com,1M2DZzTdcYfjkRtpLjaAGACxtPhdZVaFb8
BitMinter.com,1NZDmhoVyeq239Ch6U57xi3dfTca7kExFc
BitMinter.com,1PUcL9nrMN1v8WQk6rNwRvF5tPsy3fs4de
BitMinter.com,1Nf9JjjGAoXtmv86tXhaHLXJMNwsZCAtzM
BitMinter.com,1HF2tBCEbvnqXvzTszztNugXZB8Kixj5fK
BitMinter.com,16Zt7v87JEvaiw9UbRi14BRhJDHHvzX4qB
BitMinter.com,1P2YQEnftmKRXX172qvmAmJzy9i4DDBdrQ
BitMinter.com,1MazAfpCmJYNkpbCgiuw4vEwZzVTfetCrs
BitMinter.com,12t2oJagbMqdkka1Q2tkEBcsGokoqzXouE
BitMinter.com,1AdjQgxcU7a7eQgzDhTNiTRJXkD6fVxqnZ
BitMinter.com,1DD4w7xuUgt5a4aTVzHc6QuEfrcgpgSRYn
BitMinter.com,1P8S189LWRY6DNuYopeRMshsMHE1tGQ1VA
BitMinter.com,1GZ1PC7U9E7FuC4kKWxAkn4MejX6mctCg
BitMinter.com,1MpezMGSJfhm4dQenctEz7R4NcCDSF7J64
BitMinter.com,1NT8Go98tr8W7RvTQBtwrd7jsBbEKni4NB
BitMinter.com,12Dv3aeGReDvgaYbunLbi8v3rVLPKLTm7W
BitMinter.com,1AbrkTXaBnodrCV866xAfR1RAnMXb2TEiq
BitMinter.com,1HTKdJbJvpK6hm4hw6bPpHvXwo9dM4GpmX
BitMinter.com,18gaoPbm7VB9aeuULePxSG1TyypCZUM51W
BitMinter.com,1Am5JbNr76qHMdsZZCo379HUd7rW3imNcw
BitMinter.com,176u5NCu771a5se7KKVctSZpbMLhmCkGM8
BitMinter.com,1JW9yFwghqNvDMvdG1EkSxbECRWSU5rahv
BitMinter.com,1DkqcnUXRVrc1WWnkG9a95Ym5NSxGdXymw
BitMinter.com,1QDB1i9Do5SXP19oKvTYsrpBKA9nAKEwV
BitMinter.com,1B3EjcWvyV92hZ7b9B8n9Eyazv9iy6Fs2h
BitMinter.com,13ymS8kzG9Su6ZL6Mgyh6ygwfqTTSAMEHk
BitMinter.com,1Dh1P4Q2xHWD1Jyu1PH2DUSM99oC5qBWn1
BitMinter.com,1K2WYWHkKYR5sxsqV5zRhHrHjptxyjn4sp
BitMinter.com,1DR4a6LqyuffsPUZjFU7ZLe2i2nVTmNtsA
BitMinter.com,1HLQLXg2t47C2aiEhf5vYBod9FqZkjxy3T
BitMinter.com,1KHQz1HBzf8SeVSNvoosFatyymSfBdoHeG
BitMinter.com,127K1j8PRA5xMqkxXsjuknBPFKSCR1nXyg
BitMinter.com,1UrH6wgmtRBQLrXGwPFhLSHHuguCX7ReM
BitMinter.com,1CtTMM8VkFZPWgWY3ZPPaCog4tMZWkiXkG
BitMinter.com,1MiTHNTbW1x7LuAeY3xcWsBWEPrEBhG2aZ
BitMinter.com,1L3C6Ja9C1obUpXZfXz6ZPhwn3ML1HvhYX
BitMinter.com,13b7rZzGRpLUL3vweVfshWXhS11KxhDoj2
BitMinter.com,1ERPM7te4QFajnUPRcSPQqQMZw8TLWUNYy
BitMinter.com,17GRKsNZhffxebHJqBWMHDFfMhLFw1BV33
BitMinter.com,1Fai74WD9zFU3S7JgvQ6qk9dnVQ5oQBibw
BitMinter.com,15Ph8V7qaN8eHqc9ft5kUENDhK4dS5aTg8
BitMinter.com,14f269L4nYgvxdC78PvvHLd6fs2b6aNZqy
BitMinter.com,12m4PBefSuALtrfotBc24ZddSNi4gCW9hG
BitMinter.com,1JtUoWpcRtdzqufBtzaFUxLhDAGNvXN7pM
BitMinter.com,17WWYEPLbwh9kogKRzTJ8mzyzkk7yqgHDa
BitMinter.com,1ASbwgDMCoDSibYqo7fGypFx3vijJzEKtG
BitMinter.com,1MtM5XM884EgCPWksrKM4RWG1VFSNz8UvM
BitMinter.com,18xv2NVZonL97K77popETYZK9DBnRBFRbe
BitMinter.com,1Hx97nY22o3seQ5dPouy4Cfbk2p4fUJsDq
BitMinter.com,1Dj9JtjQq2FpEFuF2fv7GJGhxrXyqyY7DX
BitMinter.com,1NS4Z4ay7PDijoZXB39whEuMAMZRD9KVYX
BitMinter.com,1N6HFWdyiGtSWF2bZfMXaNwN9bcvzjK9JQ
BitMinter.com,1ETxcMRRxkXNYdTq1CdtDkT4FD7w4q7rsE
BitMinter.com,1AbizQR6vC913H1Uu6hjDf3WuAMqMFkeSG
BitMinter.com,1KsLSriCXcPzu8PHNny1ePNe3tBBoQqjLC
BitMinter.com,14rwoYDobvdSxeo9g67TpUnQbBmbPzgJuV
BitMinter.com,1GXZnD6j6t5abPgxKPt6xxdbECAgQNURLs
BitMinter.com,14Bgpo8ppBgo9M8b6P1FUapZ6Ljbz1e6ag
BitMinter.com,1BkpHjpt4QYeAAtpknCAFsBcP21FCMKNK1
BitMinter.com,13X4cnyEDsbY1VtbNxLAbE5fGpxnWbADsj
BitMinter.com,1Buyua8QrzEDWiddw36nAuD7GCNHyXoSSM
BitMinter.com,144CzFRjbEnd2mEWg5DCc7WEMtoWodhMuj
BitMinter.com,15FLYrTaTwr15CsJvhz9v6ichGHfjWgpWU
BitMinter.com,1AnVNqtaCXq2APXUmVeTrXgnxfm4fLaYMH
BitMinter.com,1CePMGhzsBRpDEs79WQ7qRZwSQkZzvYZ8y
BitMinter.com,15B98rHbz2urBHv1Tx3ZYh3MHPMFye4ka3
BitMinter.com,1cQ8pr3u3jDY3pmk9zUnNW4XVPy5BQpde
BitMinter.com,1Fb2V6ut8YPwmEk2o7aZ9QpdUxo1ruer5F
BitMinter.com,12aVHHiZUwqc2x4in4v1cSAZvAYADudcJh
BitMinter.com,1GC36U33frDnYbE83s33YuNngorFcuxks2
BitMinter.com,1LAtZ9S7MgDVadNsvyy4wJw8Q6SjucvAqc
BitMinter.com,18R4avtYYLNj7Utba9krkp6pPtVcULeZvj
BitMinter.com,1LbQzk2464E4MMGv2SzAzkTJMjUtqxEvwJ
BitMinter.com,12GpZnareyTa4ShEYHyR78xf4MPcj4vcyw
BitMinter.com,1BdEp85bvZy4sYDSEBhyT3V9zSkA4CX4S
BitMinter.com,1B5LyQtZzPbmzHNgSQFSbsWqMQHQQZ4UA3
BitMinter.com,1AMjCmU5xViPMVP3FoJEDHvQpvNMGorNDA
BitMinter.com,1CUGYGy65sPzUw7txtMzYiN7qidNqupYsf
BitMinter.com,1LCq8S3FPynkzejGgdGufeiGacV21xWayg
BitMinter.com,17KAS1eQgGnA6Qbjtxinzq8jsanrW1NHh
BitMinter.com,1Peu9NeqkvY6AiUDSKT2i2R4nP8nCmnawT
BitMinter.com,1EaYF8JExjE4VwSXbG67zStyhT3Bdye2nw
BitMinter.com,19aWeq9g2FQbsQ7MAPthY4EdNcWkJYe53F
BitMinter.com,1JGundc1wobKhkaUL3k199PK6ZwGmTN5nS
BitMinter.com,1MjjNCa4xfCDjWoSnoVRR552fz53KgJxhP
BitMinter.com,1VAKfn4KT1e2fSqr3GLk1AEfYCH77SfJP
BitMinter.com,14qy21uXLVTVKcsSm42H5GvnT1KkcA3AfR
BitMinter.com,16Bp5BKMSZP2p9jbAiWDyeDHStPvML23hR
BitMinter.com,1DFNbuo1PTctK1A8QktqrAN54K9i7wwqyh
BitMinter.com,17CnKu6NftzjehwKwcq3o6Q3uzLvftdsm9
BitMinter.com,1Gt1fSyShuodnyR7VPdxY4fk4G1KmaqEoV
BitMinter.com,122ruYdbFHUifjvxtF6w4QMpRWiJsgi1KM
BitMinter.com,14Fe7jPqqBGsWdSXiRuw9WkgiPgiHmajcF
BitMinter.com,16boPPcVU6yXk2HvaJjZ2fUGpf1PwGbhS6
BitMinter.com,1JsErCH4KaD9kYoQzc12aoPVdVEcYyms3G
BitMinter.com,1EMVSPdM2PhvPqTSjb4r2EJHatwg1asyiV
BitMinter.com,1HRxcP7w78dRPpHWNdxsJUByRZQYzJfkhe
BitMinter.com,1Lkzvz5Q2QatTqFUuoZzHZHKnRDiudwSRx
BitMinter.com,191Tc23U2BEZkUzUzR4o7Ba3KJTSdsp1Pu
BitMinter.com,1Em8DYk4nYogp289B8KegeuqvNWZqqa2Ri
BitMinter.com,1Am7iwq1ZKgwQHQKPKkooP2P7FJZ3QQyCt
BitMinter.com,1MWmQu7uaBebCWV8D6wGoPeRJ6cCjAkkyK
BitMinter.com,115KAqYTvwsGnsNSCU4zK3eN8Eka1YaBfo
BitMinter.com,1T3BNUvaXypucfjdP8Cw4DB8qJ4AmAYqz
BitMinter.com,19xgcX7kZA7prDNiAM1V5HSHu1wyrdyLmF
BitMinter.com,1Dv24gJPDZjsz1BwZj3TbysRFnmckiZf5T
BitMinter.com,1K6efMeo8P1acggyMsK7e1HeEsmZud8tBu
BitMinter.com,16aZfNmuJSsSiLhbDRx7UsdNJcTiVQvdZw
BitMinter.com,1HSo5PkZWtdhxE51uHxAi6b4D4aBByCQyQ
GHash.io,1CjPR7Z5ZSyWk6WtXvSFgkptmpoi4UM9BC
GHash.io,1K8APSncVgbyMF7cGw7yiM5Asx3z7JzFw2
GHash.io,1DJiRamhkhia4Yp5UhM4mcCoWreqZbUuTV
GHash.io,1FLLLbG6sNxVEBX86D4xpKhP26F2rbM44N
GHash.io,1JLcPncHU824KrLwKSv6YehRC9NjMmRZZA
GHash.io,1NcXBirARnyFcNgNmqwLKQb6m4aMV4gCQK
GHash.io,1PqUkecndewDYYRMYLbTrWn9LJtTvyBQdP
GHash.io,14wmVwVHC798GkFapz4rae61B4VpdQRYcz
GHash.io,1H4uDKWAm7chYA4QBBoTciu4geSQpgTQir
GHash.io,1GPzs6W3489nEXzY57E9nKTY6T3tD9QAAK
GHash.io,1M421La8GHiWdRcZxEhxg2yr8k9TYX2mrh
GHash.io,16nGZ8kfEwZ4PQ8oh9mZziYCw9rcZwNguk
GHash.io,1FwbSNvk65gZorF1MYsgmff2PmbHTCrHQ7
GHash.io,16bEEm5vTVpt6giKfetbbof35QiQMtzWkr
GHash.io,1HtLncZrsxWQwkQndVSLtvwPhvFnnAR7MY
GHash.io,1P1LYvPU22xJFh9mwi1kBiZXS67nhgbbfD
GHash.io,15YGhM2iu7eW5dWMQhkp1HQMHXwqwKxajj
GHash.io,1CBA2MMRjz2ZdPvhkYCG6CJh4YVH6ZpD9N
GHash.io,1LuMmdF3XxNam2CS26ME2MV5J7GRkrgzay
GHash.io,1MoqitAk6rjQ4VvPFBwNxdzZos8HDGTQv
GHash.io,129oT1VHuUrig7w8WiRE2YEzD2pBhaNTMk
GHash.io,14STLaV38EUuQxSgiEtkZdgzNRCErDTKLL
GHash.io,1MC1LtaLWsud6pqMfgb6JNz3Jo43qkPYw2
GHash.io,1S6RhDrk1Ej7XZAvXQCheow5x5iTkWjZy
GHash.io,14qdKHXSoKUCDw7zmDHAKZ2QAErr48asCk
GHash.io,1HwcA2MrXwBLqiX8ZWKWVqQKdh3kSLfwbo
GHash.io,16SCajsMw8PGdWvxSv2RPFXbk1g1cwxQDj
GHash.io,19Gsnf7qfJCfUWezsyxB82ZQN7VSg2SaWb
GHash.io,1EAcrsfpX5HvHZFRV71FbnZ8MVnQfhXo1F
GHash.io,1MMy26TpNPnxNDa6XNPNiWEX3iNWBaeqXv
GHash.io,1LWNoFFsqYiuqtxyqsvUBgQevUxjjKPNkz
GHash.io,1N14aPEhYGNZErcDK2hQcMNhv738ZR1TK2
GHash.io,19EYFe2pQZbRrvfmQKhKEeBb3yLgPrcKff
GHash.io,1PfaoP5jB1qbXhUXxQjiCAZoPcf5zR9Jzv
GHash.io,14raAy8PsqKxkfmV7Tqid367MmmZiLSjMQ
GHash.io,1iwXgk7r4xRBfhvzLiY9jG79yRVXbr91F
GHash.io,1Aifh4wSB3oNPazGbGZBXJndbubEZmBw5m
GHash.io,1DpnYqkL5VvMJwh1dVzdhU6tCpjs3NvNZb
GHash.io,14BUhkoYwpp3YwNmkj6BEjpXjAVJE9ueJa
GHash.io,1NP4mdwqc6Dc14LksdRQsStitTaSeGRufc
GHash.io,17bKztq8u51UnwQFEa91sdpfD6MzHSxcdd
GHash.io,1K3VYRngP8AtYyiTH7AtriEoZh7u2ePXhK
GHash.io,12RsmKUwJYoCH42XPc8erWX6cL6miFwvmw
GHash.io,179CrYovX7Y2hzKbJX8yEztU5mPJCNzk89
GHash.io,1GT5YR75EBRML8vATaH6yMKzwzhGwPvVEM
GHash.io,1Nc5FPsbtLpcmqWUadLPobNA5mKMp8TvRX
GHash.io,17h41hKSoALSiLdGyFVzdik9vkNuSBw6CY
GHash.io,1PBk2JQEJ7AJmac9GbQxfhZZ9nuCevuQjT
GHash.io,1PknnTVFhZ4DQuWZ7PzskvteGD6LoqjTt3
GHash.io,14xRvdc1jwSSFZmcn4DJz7HaHzkGo64vwP
GHash.io,19N86BoocRK7CaJAS5qDg6BFu8hVyDrCGv
GHash.io,1AWHRGbjsH2zejrTq7xCfs7v56KVtTcGCa
GHash.io,1AgrWqzASPAPN74xtTb4p5m38HB5nhYE2B
GHash.io,19i2ai7QohQPZaBHT3PQDuLbMdoVCe6Kjh
GHash.io,143aLUiKhjCV3yzZHvLcJR2FQu4L1eigpA
GHash.io,19nG7UWxuuu9LjAvbm2p9gTo7BSPURrfEg
GHash.io,1HiZDxianETrEGenhXdLNFfWMkuV1nM6CX
GHash.io,1JzAoo5vFCsSK8yRyHqn2gcepMbo1HXD8w
GHash.io,1MEmM4UjmRsH6kJjVdBKhFDdaeEYSmDwXs
GHash.io,1MW6fLD5xQWc8QNMcYSaoFaZRbfvZDVegv
GHash.io,1PHUBYwN2YSg4Sj1KwxQtK2UaqVi1YqGFa
GHash.io,115VNbFGFjK8RCc1gZQCGTHERzpCQoBiFZ
GHash.io,15ftggf3tz9aVRTNzZYRsoHNaMo3aZx43N
GHash.io,1FKcQ97cmk1TJyk65fug4TzcHFk6pj6xxa
GHash.io,1LjyoVThVpNVSCURvK3iHpgtJ4gWvqJ93E
GHash.io,1LM4CBD5D77sEqX5DaFG3U98Ch6zFmcXw9
GHash.io,14GUepKsdZhbjVS3JL8FbiHkXEoG9MuV3W
GHash.io,14bsUfoNhkCEqJQaMtp1qEu3JUK9PYTFyj
GHash.io,1BSkyqNFdpaKTD7nsXYqgJ7gtyFz37ahQa
GHash.io,1BtJyNk1YsoiTckErHZuozqKrCZiPbnUP8
GHash.io,1G9Vi55NeTAAVdAqT5RTBuxsjQ3RcBdBBS
GHash.io,1P6vSqkQja7CNxmAw7wrxjp8SpNq896gCm
GHash.io,1PKCU3JHG69K2odWH2swwKWAeRamZhHWCg
GHash.io,1N88SRTJdLjCm6mQ2Vj7LTJbXDwxaRWU5S
GHash.io,1Mf9wcgLsgEwH3kaLkScXW6PVUCmuaSt66
GHash.io,1HX4BeBxNPkbP8A8g5Jba8sogxbr4Vq4JC
GHash.io,1E1MV4Amn4mps535ykEjcymm7HcuGYtGZM
GHash.io,1HsdQqLPeZLwi3wCkY3H9z6pPtcWWXm8PD
GHash.io,15HmYbbLiGkhuzggTvEocG5EDYS5dkEwC8
GHash.io,16Wk1WxZNrhzj2NA3jKbDo8v4Y2WH1mdAi
GHash.io,1Dj1zPte733Ym9xLWBNJYDqrbjuEj3sV4j
GHash.io,12Yw8r5AE2sk9KVDUU9i4Mq5V1CoqDiFf4
GHash.io,15ENCoCWBJQwRoqe2LoMoMrG6GKqsWnq53
GHash.io,1EiA8S2K27skEzkBSzMT7cCxBhSPNk4Rsj
GHash.io,1Kpd2zfcjSGveq9QE2b14isCzbZrL74y4o
GHash.io,1Pi8uhNkCdXfbirpBZAAbYvbPWTvfwqJL5
GHash.io,16TLjgSHJ2Tf9RfJfdSpagj9JScTxPQFAc
GHash.io,1NufwYb77BjzCJGh3r9YsLFrw2bMMsNZWT
GHash.io,14SbkcDcQzRpixrY5zBwBku52uf48pzHE2
GHash.io,1ECSKiidqc8NqzaDuX6V91hVx2vhQ8CtvL
GHash.io,1NZniAYex1s2bvoK1WpGiKp6GK4knoRMQp
GHash.io,13r4BTroYt2GVjqucf4AKqVPzcFJgmD6Ed
GHash.io,1FGxnpLsVnQVwhjNemshtvW7Tu4dTqxHn7
GHash.io,1K2u8BCcG5kWFyJEntuFjNH764vEQMUq2G
GHash.io,163dMaru24bnBsJW3iAvqyBbCyDfyPJ7hx
GHash.io,1GfPFTLaMXFqzFSTEMw16yGdqKYHTHtFt9
GHash.io,14QPSWTBZqdy84F8vtw8hL1Yfy9hQEbLez
GHash.io,186QwLRwb2NEGGtLvnMZ9Yns7a9EVVrt9e
GHash.io,1G6zuXEiKNu1rnnk5h1SeE3FPME2m5tBpb
GHash.io,1AoiJZrabph5ywqxYSsiaJBQhFVWvu7owG
GHash.io,1N8qTfWi4VUz1S77gHYTFSPLLYoiGP1SoP
GHash.io,1Q7oaxmhigdXG1RxBWNVLfMndU6E4iu6yW
GHash.io,19G658VC565r3vVvPQFR5U3UJ78r9vqUiU
GHash.io,1JUEbhDWBHFguD4s7uhHtFPNYCc4xuCEA6
GHash.io,1BofeXqVp1vNB4iz6K9xtd4eaFkDEmnFdk
GHash.io,1HRNKWEQZqdEfkKjJHW6zAssCS8CcTQHiW
GHash.io,1BYt6LzwsnmSTGBkzQMCH2M2wm2iwKQain
GHash.io,13Ex3goUFM5SdT8Kh5GxmE9otEQUJvnf7R
GHash.io,1HGhHBjCS31ja5cvpPNX9QFDnMwHFGZxG7
GHash.io,1QAA9WkbSLdhGxBYyZsjuf66y28vYwGHb4
GHash.io,17jFXnXHfp8yUf32TCchhbZh2AP7yZkGoP
GHash.io,1QMFb2XgTRVtAc2wi9A2ayxsjZHmGe7ET
GHash.io,12vvR558Dg1YHwxf8txP28MdmdacrZ3jZq
GHash.io,19Am9EqeaqvPtNcKVTvxsDDm4xgWLPs5Po
GHash.io,1GuBsd59TyYGfnF1aT79ZkQwF5qEPcGtVm
GHash.io,1Hh8ccHqEcRHU9ZhYY539wxYXq1Q6a6DEw
GHash.io,1JGPcNZBWVhAyjVN2fVjq7oPj8AVRqdgs4
GHash.io,1QC7dKiLSfgJdKLSF2s9BfegmarTnfFwFM
GHash.io,124FSPEmCuBv1HSHLdq7xefbSg8dfWBFyM
GHash.io,16QfNAi1avwQwzok4GaB1VfSRC3prRPzKK
GHash.io,18QcMzxKRPMB26gdycQqyaf13gp6GaroHu
GHash.io,1BwX6vUFWrYwgxS8qAXchnn3R6RVBGCTjf
GHash.io,1MH82tYgwzVf1WBBTpL1GKkJNSDzYdYsCH
GHash.io,1H75ToxMe1rCibnMfWCVVpnV5Jo9dEGvu8
GHash.io,14cnsFizhRur5BF5PiSBnYBrSB2AvmHAkS
GHash.io,14nxK9jaQgibVfn5rDcdZbPfS26Q7mwhYW
GHash.io,17W55MrCJoWKKU3GSt5Gw3UpUkCNBRzZRV
GHash.io,1BbgyNJkRZbB7LDbquCYPQ3vsBCYyNp1An
GHash.io,1NUCkwSzisQ5dGjzuVS2Pan49LDuBSLhof
GHash.io,1NwjGim6h58ZGygyz7rgdpEdzUzjNt6Hkc
GHash.io,1D4WPWMxiRWGhtLh7Pd1LPhQRLDhjrNoqn
GHash.io,1M9EvcGnvBGaxqEdqCjVVPLFB1Zwb2P9mb
GHash.io,13TYjRnYPzXPNVTC2wbXks3rBahbqSahRa
GHash.io,1Lzb5SbhLrpn97LNGPT35ixmq2AKSxmy1G
GHash.io,12mof9eoGGanFB429sA7zidxC5t6Pp3kjD
GHash.io,17kEeAC2hi5WWhGTThtYbvMKWqB45sVGbi
GHash.io,18W43jvSwKXVFNicUcQGy9WEGheQNACMXs
GHash.io,18pi6Rq9MCXLwZU9K1EAr12HhNm4zEG6M7
GHash.io,1CKCcRgbVf7wjbbQoYfsTArEMfCmqieJcf
GHash.io,1KbCqgEktgVsNhryDf6bQptjKRZ7uNGZxV
GHash.io,1MPMd5RGHBBvdwrbBv8t4DPViPoLAduF74
GHash.io,12RTkdT5AUaCB66VkRZK59ZAqwMvqKgZR7
GHash.io,14oNhFkbgpjWmxDVQE1g32rgPPny319XgM
GHash.io,1A49cuLVFmDu3Jt15EKLh4nvRRqsFc74Sn
GHash.io,1C68Fq81MEcTdu5PbnEB9AC5dKfgQPiSuc
GHash.io,1CzT5yV5FGFscy6bi78XN1V1HEHZQKazns
GHash.io,1DS2Zd5B18SExLoNQqprYPQVcgQZuNuhzE
GHash.io,1E76sFxKxRoBgXMHxNvWB4DaCsDPE8NTKN
GHash.io,1EQF7ifkUaiFYT3B5aNqGGL94btC6xThVK
GHash.io,1F52Yrk8VyD7nfqdGhUp9uEsmDMfaGYp9e
GHash.io,1GfGBXuM8cHboFSEa6fM6b2K8uarcQpsmb
GHash.io,1JzS5QbZCsxJ6wATRHpp2FavTzdCqb3mHR
GHash.io,1K7LVHiwojuStiFmD4woNC5xiQZNqQAh5T
GHash.io,1MJRyaHHvZZDRZw5sBxgK2oVmBMpVnFAiU
GHash.io,1MQVgUa7xymLKWCMnPDkGw75VfSvCtubgT
GHash.io,1Ms9qibdN74txo6vwhC5PA9EyR52PUdwJX
GHash.io,1NCmHQEwdXKfZgGHq9opofPoMx67WeABec
GHash.io,1P2XnFEUDb1Uw5fNrY9bQkdhcw8R7wVgZa
GHash.io,12YWNTtobEP6ELEaYzzc2uavd4evLQkKZU
GHash.io,12hSh6jEkcCYcmVjB5RJcA1Jtbs5SenfjL
GHash.io,12unGa2yUNvcpCJfa54xWu7FpTiVT928VZ
GHash.io,13xNGZygRrUq584PrBQep1sskoc5Kekdeh
GHash.io,14C8FsqPScGVxGbo6a1xnDt8sdsqpZ9kU7
GHash.io,14K3m4GxAhB9rtFeREqgLwZdnYjiqbXttq
GHash.io,14VJ1bPAu795aqkFMJiuv9AW3fiS7VqTw7
GHash.io,16CrLJQ8WbGoSfEu5o9RxiPSqHUacd81rd
GHash.io,16ZTVMVY4SCYGqjL7ZGJzDB8SHezd9YcXD
GHash.io,17VMYmDzLfA1XaH3wuT8x21EiXw2BRe82C
GHash.io,19pyERJBaCms2XiTNY9qNGMkXstna1roxh
GHash.io,1BBARdbTD1M7vXfpmmoEGiSeMMfjHyjibp
GHash.io,1BvBsYNEj3JmQkSwZ3iJ8AcpHBEUTZBAAa
GHash.io,1CGVGSNBMj6m7Hf6QmkfBNVUs1WUTpQune
GHash.io,1CXM5TMaiJ5uS5tn8Zr6ujULtRECb2D4Zy
GHash.io,1HFR8tZs7DxDn1AnzY1ZKdvpmnP7L6Xywu
GHash.io,1HwbHC7tQAPFhyEG8T9hqM4YGrQnp4RU5S
GHash.io,1JGbb4QBMZvFLLZvURhDVfMgBWNnDsPMmD
GHash.io,1KGvANWkJi4RRv5mZhTzovcS8igDBgBwD4
GHash.io,1L5esqtrgJLW1JXUBMcFc5UPn2x5qT6g7p
GHash.io,1MQHH8TLkzKjqCEyZKAt7qs4nQ67voRvSi
GHash.io,1N899hwpMsbWYDujy6S4vbHVcqWv1ix8rf
GHash.io,1N9ejZi25gbk2onVdsXsAiUaRcNCSGF9nH
GHash.io,1NsdV24UUTQ8ruxnqoKRXCuUrVjNJAN5b1
GHash.io,1PZdLXQmg9BxCaKYC4zdfjKES6Xs18qf4P
GHash.io,1PhhFbYx3rEJwPeLTGkk6yUPsfEAzHJaui
GHash.io,1PuHSqtN5aL2izvbRM5oojcvMJiXyiuKqX
GHash.io,1ZxRnv73t4exxMC3BSvALiKiDiF7gm9X8
GHash.io,13BtthyjTZWhrv1PY9ZsiL6CeHfMQiP36L
GHash.io,13GkVSA7cfkC1mdDYG2jhxsKqB3MBe1YRV
GHash.io,13i8363YwrAspVfAsPWvayeN4aQgWHf7eL
GHash.io,14GWrpKmwZ43Xts6UySYbypPpTG46yFQBY
GHash.io,14WsugNTXxZ2P8mVXFLwgs3TktrarbQXLf
GHash.io,14Xhng1rNkXb5DmKYZFL1GcriixyHDNhoh
GHash.io,14hWrTmb6hHaCCkSW3MqNZkxEMEhV2XJi8
GHash.io,14vKQdXEYKmt3S5MB6ikxZRsDi1TSZXQmi
GHash.io,14x1Fh8MthLPc5eUeHSFNb2kYaqT8VhHsV
GHash.io,15STGmrC4AAEN3A4D4AxYWG1UNiAihB6B9
GHash.io,15cQ9archnmsjm7hNAiFvckLD3oCQsKyAn
GHash.io,163UfP1cAggE263EtYEGG8mT8E7uSsZJbC
GHash.io,16NoWiRwD18ZVjv9sUJMYuuUHmebQs6KaP
GHash.io,16acHiT4sSV1Qce4KZQD8Ao9t3pS32t2CB
BW.com,1JLRXD8rjRgQtTS9MvfQALfHgGWau9L9ky
BW.com,1MnZQNcHEGATzheugAtQDYb8zJKUpwmLse
BW.com,16EMRavTnSZ2SzkTU1XDfTiy78RcEVv5jy
BW.com,1FTqueNXFcT2U55fBZfGn3DaQPZfS2sScR
BW.com,19oHnpBKRwZ4SsRKC1Edyd9b5xCTSjhQx2
BW.com,13QaUTJ5MS341Rp48P7EQGa349NdcBXMT1
BW.com,1BNQenG6WUUN3zBVn51UwPT52HQexvuN1n
BW.com,149vZ812p1hRszNeETD7CSV4LpbWs9zZgY
BW.com,19nfNw1oPqbhsGcANhiEebb2r5ufftRWqo
BW.com,1BMM6o2g3cBWfuQsdMQqTL8qsJjcSzPMkk
BW.com,1DQSbATPXsAqjJH9eacDCd8pPkbsu9i2jn
BW.com,189WNLNCFx7roncrPjALZprMWhRUfJ9jHT
BW.com,1HmYUsmJ8MVJsQU1Mc67HCdWJp1i43kuAe
BW.com,1MYnfLGzcNsc8YqhvXNAoBuA1mWgEgh5rc
BW.com,1MaCoA45VAMcSSNSb1naprYzuwbAyihncs
BW.com,14Lm4LZxJLRSuyx1xJyyU1EAknMPQa3d3M
BW.com,1BbNGThzfrt3mcTPDBwWsLDmgeBBwMBcfc
BW.com,1DeA15ZSSK4SRrhynS1E8awC3qGDGrj3r6
BW.com,1DmHpJWs7FD6YKRWQFewLA5UzFqZNkA82h
BW.com,16gMQDE9CBASaQngVBwvbUXkdqAnW2RUL6
BW.com,1BjCeQd73ig7QfafSjdpYsZMKxyBzYPJFb
BW.com,1Bz3a7Wp6DK53Fd7QB2SgcMAErrWRJswwv
BW.com,1DPvih7NgZFdPPfRp6REeTq38Xs8Xs5jRC
BW.com,1Lp41pyvSiTEt7fAfdMfSdRVHYNeawjxZb
BW.com,1Lst1w3UozBF2MhKwwsYgeEyZKTXaoGnGk
BW.com,1NHEd1ZxhmSPDBmpJaWygCBsWQ2ePtzNJV
BW.com,19KnyNhy8wHkXpKNJwFkd1kNvX6W42zdyb
BW.com,1GGEigqF86dKgLsM6cfc6kcByFr7Gz3L3Q
BW.com,1GtKTjacReUEeDvp42jBt6aGAqCrdoVw48
BW.com,1H1wzkXYX1wetYm8TVipNbLQdjyfWXuwd9
BW.com,12nNSoaDpmzNyVZyr7HcpK3ydC4pE4SM1W
BW.com,18wiLgBB4cLPVnCjUQJBhautihN4ipAEhL
BW.com,1FjsjZzdUpPoWXrHKQaWGwRfaDku3kLqGC
BW.com,1GZUWDXABqkiAKGdHwqNDsQoEq7LCKGpAK
BW.com,13grHpwJczwxuCZnAWapRoJy3u65yUCqUv
BW.com,15mpB4CkUBhB2QnY14qwULKUD8gWVV8XWz
BW.com,15z8Gq9BUrVkTYAp6LWdhLMEDRjY8zzkxo
BW.com,1BunUrzh3KJfFzzWeJR45dNJ1vo51HV8VH
BW.com,1FWk6T4vW5jsRgi8WoB56zFYUMZT9pyso3
BW.com,1GkoxDAVRbyz7WeKzSLroykFfYUxGSPJNw
BW.com,1JYyBEiFNhoTgaPxaQtcEyFjHGbVqnkvGg
BW.com,1BCRf9UjAnZQQrft6VYMV2rJhSU68WsonM
BW.com,1BdmBoiNXKzNFkeQ938n1KbkWX2CqgC2WA
BW.com,1H3q7tW4RTDgQqSRroJ69moMqwWC1z2EGz
BW.com,1LvfCRRGcBJrAudWAbLmUi6ZRKDh8DX68M
BW.com,1M1UyBj5aNFiBFPmtfUcYq1j9UH6H96e5Y
BW.com,1G7xTEb1pDBDCJn4ksRnYyaAMmh57jDw87
BW.com,1JQTK78oJhCMhRaHZZ1AsG9Qu8wato17kH
BW.com,1LF1LMX3ThZLGsPnkswMf5oH8RDe3vCEh4
BW.com,19ixnt1Atca6xBrLGaRyGSixgvs48cPcrb
BW.com,1D4KUR8KNcgPmnQ2KXiiwCrAhUZGD6Lyxa
BW.com,1Q7JG9GEn5L6EL8URrbsUomz3czbJrZSiC
BW.com,16DMv5jQPpWTAwBWQPqBxnD7qtK3gY7pQW
BW.com,1D79PRWDvv1p34FZV4LaUHR6kSUEb3Y9oS
BW.com,1N4kTNau2RqwuvmxGyDHL7vkwBhLrwN3M4
BW.com,1BE8Rc7qqU3Ysw4HU7TM6PAN5Vx5HcCteX
BW.com,15B9UVGPncyNYDtwWBLVLDpnWQbxYjc2JY
BW.com,187MwdYaz3U7MDV3iFJepta6mM6jTpwwMg
BW.com,1Q432BzbwtcDJsifpRy2Hz5HVmVMHLf6mU
BW.com,1EZvRe9pWccUSrqdgjFBbicr3cAb3CmhcB
BW.com,1JpUYkq3Mv7YG5zTakAohxz7JdGkCUw6mB
BW.com,1BkNeNB65jGgvFHynCyJyJRQ1fH8ALSY4H
BW.com,1DGNBggMm4Bp7m2E8Z3d4E4tYLYT5rtj5t
BW.com,1PnpJ2dE39fazHzCEvHDyxs8979R4gVZAZ
BW.com,1X67P1B4yH5xRpr6Bg2AphBXJj7JnuLyA
BW.com,1A1XWdsKvFREf2YgYqFNjzDJp2fGGn98Bm
BW.com,1BYRFrGjT9rqaVgfuNK9v9GVRtCLhwgnwv
BW.com,1G4r3hmmHxkf7PRTLtZzL6bXbk7mxZoavc
BW.com,1MrWkS2xBifviJNCrA7ESs6sZ4whj1XJR3
BW.com,18Ut1VoSBLCszkVxgy6zbTRPhLvzekCQjc
BW.com,1DndV1BWXrRxoBFfQLgdk64YAxuFyM8qLA
BW.com,164yDXZPGGedXEMwinRBchY3GizWNDmyiN
BW.com,16rYYQhzj2N97LPxSn8JugSrB7GDEMuPEG
BW.com,1DJ7qVXdvv6Tsgwo4daVwqsp2xCVEF9sPb
BW.com,1FBfPMmSDLVrVHqYCfn8t8YdEVzxWcFouw
BW.com,1FyDUmZHgmx6cQ8xa4WGg3UNRgoytRJfyd
BW.com,1K9YGi8bBRVLndW7pwAA9q9bKmugM3Db3M
BW.com,1KykpAcRJLAaGF9q38YavgCgWBrhEMG4FE
BW.com,1L8z9rCLopXkLPgVsHMXK2MQgcLF9mGbt
BW.com,1NwzmaYpfYF94JdrPxxHFaFdZRxuoDt1rs
BW.com,19tRkXrrMRCejnYdK8vf64FRp6X4MzCjBG
BW.com,12DgFhHpAYYddaJjpUj2sfumoz8tfcBvs5
BW.com,17zXin5thtSsapJapTNNwJuar8bk6jmP4R
BW.com,18qrs5PkMKmmXmyNPnukNg7Yyq74jVGuKK
BW.com,1A49MepPmbf1KZNFmbmn5AWQPBfyb2TcQK
BW.com,1ENDiyRBpPEqhEjHMr4yASQTJyCrZXFEhT
BW.com,1Ej39ANA12c79gHwGqhkevfjBRfKXTNSVh
BW.com,1Ek165Ty8yKCCZYywADa3gmfTMDDn5xni8
BW.com,1JqPM8mZ1aq8TXkMTBh93hnqvW5jC93Xwe
BW.com,1PLJex8qjMzJA8fZpc8QM4PcaSmDEZEin4
BW.com,1Q8n4LALoo6tszD3EMsKADnyfemFudJXS1
BW.com,1CD8CExB9xWURTSZs3sKpbU3KAxnKsuLLc
BW.com,1B7smwgV6RYTPdeGUeV8CJTD5UGwR7Hrtm
BW.com,1EwH29YxUXQyL63bTza5hMf4uxyoPSQH6Z
BW.com,1FuUtNUHS2WTB7AKGLqek95feihpqJCoLU
BW.com,1D7B5Wf9dn27ky36ehRqWdCZDVKBxvN4gX
BW.com,1DTtwWFcb2r1nKvhHzGFTs3TWpoDmFmYtR
BW.com,1FRmwkxDi1CRJFeeFxfHZDE8omAPPeJK8w
BW.com,154CR1vNFUTia3JZ6z14bM45Bc9XgXZdAy
BW.com,1Bz9Ps7YbahGAsRy5qjAorC5rPYLZTKLSy
BW.com,1LuTUjEvcESMUh6hvfxAYzNtFb7j86RKNM
BW.com,12Jkp21deimtXxRVXDM4e5X9mzZ1SCg76g
BW.com,17zQNpQydLREoiiLXMjHhDBwMbjmo1btkv
BW.com,1P3Vu2XvXxAxMct2TnH1MWYaHcJedjgAxJ
BW.com,13G8VuRCNC9RkD4ZvYbiLF43ipB61ZfV5x
BW.com,1LBhKcKTKrQbfvpwot69WxzULfuYPPe4JD
BW.com,1Nasri4jb5aLCSQegvz21zByAeJGEha8DZ
BW.com,175a1jiPBUo2fRodJWhS8nS2eYkPC5Dcnp
BW.com,1HKSzogeHPdCzfbSqyLz2o8TGZg4bUzjWq
BW.com,1P9Y37iywT9mYaD5mxsKJi9NkKfc76T3yo
BW.com,126Xb3tF3cMB2BCQLMqosqKobpXV9UoKK8
BW.com,15tedjzHvsVw4ATiqiXtnW3YaZGQBhv7Z7
BW.com,15u822Ez6eyoEZxm4GbWf2hHMA7RAZK5o8
BW.com,18hkYauYkUWLiA1ccJNvS9FZjpovuXL3Yy
BW.com,1BrChwzSWZo5c3AsgfwnmUcXXt2ta1NT2q
BW.com,1D2PYWS1SeSSQWtSiSzwS7S83pXiYA5qQ5
BW.com,1Fve717aH9AD53F7DQozjfS77o3d83WXMV
BW.com,1JHk3wE839ii2ybAUpTX6pLU1wjXwepQC2
BW.com,14knpYn6Ap6RpeQF2JRNmRFSuGwBk9ie8i
BW.com,153dzGJGxEDWUh96VBVrocYNDU3z3oecTX
BW.com,15FaknXEu7nv6QMuMzFfak2kgmmfJRcP79
BW.com,19wXxbCRSywckS121Ub2zcdMtA1hkFpLV6
BW.com,1DXf58gxpksuj2LXrSHVN4LgqQf3gZbPzh
BW.com,1EkvSXpALqX6qkj613xJdME2VDPYX3AUDn
BW.com,1F5Nb1aW7HDfDaMTxooi4vdfiiSVzEvX8R
BW.com,1L14UtoWihsiuM1EeMipQvQMt6qCoBdVvd
BW.com,1LE8LZGfGe3m6cwUFVqC4bC1JPJAkfuxrV
BW.com,13SsDFQQqEhRBzbEEuM3Xdg5rQ2uiKSa6V
BW.com,13UQbnziFX6JFxHjc8tvwhBmV9Hd388PmG
BW.com,18mL2moC8FDuvhu4wuV32RK9igwB3DEFB8
BW.com,19ikAQuhuN43paM95JbJ5weRzAkYfbDG6j
BW.com,1AKnkSEmTwmkdBt3PZqpuf3zrc9nM3NoMy
BW.com,1Cpfw2aWFdxV7Rr43chGzQRSpWYExibfvK
BW.com,1D4bUCHuXvCQPXmipKRrhjWVKfL4c8yHNv
BW.com,1DoE268e5L2PuVA7jP1a7mbtArk8ovv7E3
BW.com,1K4FwTjQgwbe1kTRhqCRFSCtiXjdZJDFTB
BW.com,1KiuoTykAH8sGZtDrh8xGykXyyFKjC1xhG
BW.com,1LpEeMsjqvYXRCrj2FttxoRE5aYkubcJzi
BW.com,1MRtL6H4ssZ9FruvLDCQCderdzQGMH2VUV
BW.com,1NuQgs1wkg2i4ANBWMuCSC24PKrdhU2fWZ
BW.com,1eWC4p1q3WRMTENiL4r4DR7cqtYexq2Z6
BW.com,1NCfpBErWqZB291Z1hMD5WFhbbco5C9NU4
BW.com,1L3LZWJDiE9nihhK7aCSZpXyRBP1xyN1V
BW.com,14aH5B8vzjGkbV18NtqJzZZ1g2oMD7BcJy
BW.com,17t2NNe3MMSQMWCddXTA8JE1v2JG6KX2cs
BW.com,1FQ7MBDJiygjg1U87xxHhy9SEXebSWPnRy
BW.com,1JUHkaKj5U2GczjETqVYoJ5jD7zMLo1ApL
BW.com,1NSeDky6xLYZB2skSyeR7L6GjGFTJVbXxn
BW.com,1LgWRyEW3u33S3HHLW5XLpf7MJU3gyns32
BW.com,1MHiZmZbG2BbHz8gpWGY2a2bTMfxfAmrV5
BW.com,1P2ekyJ5Nb2xbLYn47Pwp3nuhWHLFkjCX
BW.com,1BGB2AawXn81Ew46nxvmvYf1fkCXF4hADo
BW.com,14mKZWyCyrJTw8MUhnsH2BHJMXXosycE2h
BW.com,16w8eLisGdM2stZEjQepnAY63buC9MzMRT
BW.com,19iov9ZHN4ZPAsmJwkeE6Zo7qo8JSKoqmk
BW.com,1MrrXXjSDP29g9XsqgF2YFBsmQcZTDbqTz
BW.com,1Nzoxc8Mr8AEJU8HmzaZJdkXKWsS5qEdA5
BW.com,13RieGsR1r92RrSVnZ9kND4NdznzX4Xzc5
BW.com,141vM9LqNeCGrT3dqCZCLTAjxz94dm1LqZ
BW.com,16zbkU9BkW7EWRwPVePUu6CRiZhTG6iPGd
BW.com,17E7Nb83Ru1BRozgcWCSihprHR6MZ7EKZY
BW.com,19gSFx5d9uC5ec8ze8zZzMtiUjJAWi8hMx
BW.com,19oMBapnoEZCt3TiFsywYHVuPJk1DQfEYt
BW.com,1AqHFop8xRcBaXKQ8YsPNUzu3XaWwHL9WL
BW.com,1EWqGLsBp8fUHSf46qqobk7HxCtmE4j7fM
BW.com,1EgfZnEa6GXCWTuRWgtp3uQZfCELXhxwEV
BW.com,1F1d2eP2X8SeTAqoSXiU15JwAY2AMQ5Nr7
BW.com,1HViCEPpTf6YgnqVTBpyb2vJq4z4MoD5DZ
BW.com,1KUVbzkJP2BjiU1J99vAFSnyp2nkucVKk9
BW.com,1MRZAGdKJx1Ns7U2z1bDYfw4JN9zUmWAtK
BW.com,13yz7gQj7uxtkQi7XvouvQLgiZCiy7SkPh
BW.com,14GwoU1xdqzDzSzrwjfGP4f7fusm8F16Px
BW.com,14XHm2PS4qPecurf4navAXzDcvMCeDva2F
BW.com,16K98awcV8CbdEA9CT2SgTgro5HUxzBBsh
BW.com,16N6z3Uyaxzvs76ZXgaE6yV9RD5RSVUQh8
BW.com,1CcjzHBFrFWc9tsAMMjfFuce4ET6oukihM
BW.com,1314uz2cRurKY4V7uc6mQbkLKQzvJkP7Kj
BW.com,16uTawfax6X8k4Xf87fkrfkMFkhrSCcZ5r
BW.com,18AR5GdziCnJfw9WL9zBaSV2kWutnCsPWV
BW.com,18mE6sqivbCghs9q2sUvxEQBcRFqC9fBZ8
BW.com,1AEHo8R2XdETiNCqTUVsVNN78egL22kTor
BW.com,1ASeAxKiwNw8fB8yHBS3PaUzXyMBDU9Tbx
BW.com,1B8KzHKPNC91XBVKMjxUoPcM4PyvPorE32
BW.com,1Jf2Wk5gFCvDF2yZD22fkDW3okKzhpz7N6
BW.com,1L2PYWsBGzQosC24VdiENJKFyqH4nEG1fS
BW.com,1Lag37nqUZ76dA4J6vjoHKTgs1TBQXGu1V
BW.com,1My8GCyfRQzgtGwwX96dCcCkALuu2S2vrP
BW.com,16yjFrtuKr3Mkw5xCGaxStLpKw3h4hvPMk
BW.com,199EG1C8AHiecVDL6QKG6vvF8ZUNvMFYpr
BW.com,1A2vD2hTuMaHMKkiadens64bVHD3VT9YZZ
BW.com,1B2x9VMnvPtKQb5pw8rHmKC4SUjf1RGcdS
BW.com,1Di48qqm5fQAHLb9FPgXoKdZLA31hfHH2h
BW.com,1J4k3f4BcK7BRCfFpGyiQ3zr4Cqyk1BVgv
BW.com,1JuABceRMSZTKNmTvqnX5gAmvSjkXoH5Mm
BW.com,1MCDT88AfBd96zmhbGC9vsWXrou6fGS5sg
BW.com,13UwqNEyNosB1zSY91iHS9nvmwJv9b7aEz
BW.com,15BMXCMuKQXVxsdbiMkRASWpufeGkdRxcJ
BW.com,15WVAchBSWHocTjWth53s7peueAxinDQUD
BW.com,16nL63V3WoqHnSRjPG9tmpyqcfJhq6ykEG
BW.com,17ekXU8ci11LR8VmsWWNGhFetaSeozC6zT
